date,investor_type,value
Jan 1995,public,17.058819999999997
Jan 1995,mutual_funds,4.5787119999999994
Jan 1995,providence_funds,43.809543999999995
Jan 1995,pension_funds,0
Jan 1995,banks,19.5976
Jan 1995,insurance_companies,2.022116
Jan 1995,foreign_investors,0
Jan 1995,bank_of_israel,2.0043
Feb 1995,public,17.418675999999998
Feb 1995,mutual_funds,4.32817
Feb 1995,providence_funds,42.442564999999995
Feb 1995,pension_funds,0
Feb 1995,banks,20.042077000000003
Feb 1995,insurance_companies,2.022757
Feb 1995,foreign_investors,0
Feb 1995,bank_of_israel,2.075755
Mar 1995,public,16.855547
Mar 1995,mutual_funds,5.657182000000001
Mar 1995,providence_funds,41.947023
Mar 1995,pension_funds,0
Mar 1995,banks,20.139211
Mar 1995,insurance_companies,2.043367
Mar 1995,foreign_investors,0.15169100000000002
Mar 1995,bank_of_israel,2.4270560000000003
Apr 1995,public,16.894682
Apr 1995,mutual_funds,5.539532
Apr 1995,providence_funds,41.21696800000001
Apr 1995,pension_funds,0
Apr 1995,banks,20.635202000000003
Apr 1995,insurance_companies,2.039474
Apr 1995,foreign_investors,0.22265
Apr 1995,bank_of_israel,2.520398
May 1995,public,17.425936
May 1995,mutual_funds,5.4456050000000005
May 1995,providence_funds,41.269585000000006
May 1995,pension_funds,3.042338e-4
May 1995,banks,20.963329
May 1995,insurance_companies,2.061229
May 1995,foreign_investors,0.243027
May 1995,bank_of_israel,2.6012890000000004
Jun 1995,public,17.695641
Jun 1995,mutual_funds,5.298590999999999
Jun 1995,providence_funds,41.856114
Jun 1995,pension_funds,5.087382e-4
Jun 1995,banks,21.635148
Jun 1995,insurance_companies,2.341665
Jun 1995,foreign_investors,0.229575
Jun 1995,bank_of_israel,2.764083
Jul 1995,public,17.971719
Jul 1995,mutual_funds,5.138745
Jul 1995,providence_funds,41.924752
Jul 1995,pension_funds,6.101680999999999e-4
Jul 1995,banks,22.119751
Jul 1995,insurance_companies,2.351786
Jul 1995,foreign_investors,0.296288
Jul 1995,bank_of_israel,2.786959
Aug 1995,public,19.38034
Aug 1995,mutual_funds,5.1444600000000005
Aug 1995,providence_funds,42.841759999999994
Aug 1995,pension_funds,6.284479999999999e-4
Aug 1995,banks,22.771659999999997
Aug 1995,insurance_companies,2.395
Aug 1995,foreign_investors,0.39278
Aug 1995,bank_of_israel,2.8835799999999994
Sep 1995,public,19.835424
Sep 1995,mutual_funds,5.204831
Sep 1995,providence_funds,43.73435500000001
Sep 1995,pension_funds,8.313955e-4
Sep 1995,banks,23.879253
Sep 1995,insurance_companies,2.4105550000000004
Sep 1995,foreign_investors,0.403399
Sep 1995,bank_of_israel,2.922183
Oct 1995,public,20.595612000000003
Oct 1995,mutual_funds,5.14386
Oct 1995,providence_funds,44.31788399999999
Oct 1995,pension_funds,9.269034e-4
Oct 1995,banks,25.003193999999997
Oct 1995,insurance_companies,2.4307260000000004
Oct 1995,foreign_investors,0.40344
Oct 1995,bank_of_israel,2.9652839999999996
Nov 1995,public,22.014291000000004
Nov 1995,mutual_funds,5.163333
Nov 1995,providence_funds,45.077871
Nov 1995,pension_funds,9.568269e-4
Nov 1995,banks,25.629663
Nov 1995,insurance_companies,2.472582
Nov 1995,foreign_investors,0.4986719999999999
Nov 1995,bank_of_israel,3.0439770000000004
Dec 1995,public,18.448572
Dec 1995,mutual_funds,5.230428
Dec 1995,providence_funds,45.663636
Dec 1995,pension_funds,4.2096e-5
Dec 1995,banks,29.425104
Dec 1995,insurance_companies,2.915148
Dec 1995,foreign_investors,0.47357999999999995
Dec 1995,bank_of_israel,3.0730079999999997
Jan 1996,public,19.300865
Jan 1996,mutual_funds,5.3678859999999995
Jan 1996,providence_funds,46.32207600000001
Jan 1996,pension_funds,0.021386
Jan 1996,banks,29.170504
Jan 1996,insurance_companies,3.0261190000000004
Jan 1996,foreign_investors,0.5346500000000001
Jan 1996,bank_of_israel,3.197207
Feb 1996,public,19.290836
Feb 1996,mutual_funds,5.413464
Feb 1996,providence_funds,46.444084
Feb 1996,pension_funds,0.06444599999999999
Feb 1996,banks,29.35515299999999
Feb 1996,insurance_companies,3.136372
Feb 1996,foreign_investors,0.53705
Feb 1996,bank_of_israel,3.157854
Mar 1996,public,19.68737
Mar 1996,mutual_funds,5.362361
Mar 1996,providence_funds,46.46654399999999
Mar 1996,pension_funds,0.076139
Mar 1996,banks,30.216306
Mar 1996,insurance_companies,3.273977
Mar 1996,foreign_investors,0.54385
Mar 1996,bank_of_israel,3.143453
Apr 1996,public,19.919544
Apr 1996,mutual_funds,5.325136
Apr 1996,providence_funds,46.556272
Apr 1996,pension_funds,0.088384
Apr 1996,banks,31.619376000000003
Apr 1996,insurance_companies,3.380688
Apr 1996,foreign_investors,0.5855440000000001
Apr 1996,bank_of_israel,3.005056
May 1996,public,20.420588
May 1996,mutual_funds,4.725333
May 1996,providence_funds,46.560728
May 1996,pension_funds,0.11171
May 1996,banks,32.641662
May 1996,insurance_companies,3.5188649999999995
May 1996,foreign_investors,0.67026
May 1996,bank_of_israel,3.060854
Jun 1996,public,19.753975
Jun 1996,mutual_funds,5.186114
Jun 1996,providence_funds,46.07406
Jun 1996,pension_funds,0.07790300000000001
Jun 1996,banks,32.897324
Jun 1996,insurance_companies,3.616925
Jun 1996,foreign_investors,0.66774
Jun 1996,bank_of_israel,3.0159590000000005
Jul 1996,public,20.111336
Jul 1996,mutual_funds,5.052656
Jul 1996,providence_funds,43.62052799999999
Jul 1996,pension_funds,0.121352
Jul 1996,banks,33.625536
Jul 1996,insurance_companies,3.5964319999999996
Jul 1996,foreign_investors,0.6398559999999999
Jul 1996,bank_of_israel,3.552304
Aug 1996,public,22.062645000000003
Aug 1996,mutual_funds,5.06466
Aug 1996,providence_funds,40.29318
Aug 1996,pension_funds,0.078435
Aug 1996,banks,35.72154
Aug 1996,insurance_companies,3.5856
Aug 1996,foreign_investors,0.6498899999999999
Aug 1996,bank_of_israel,4.6052550000000005
Sep 1996,public,23.90016
Sep 1996,mutual_funds,5.088120000000001
Sep 1996,providence_funds,41.06673
Sep 1996,pension_funds,0.22173
Sep 1996,banks,37.35567
Sep 1996,insurance_companies,3.687720000000001
Sep 1996,foreign_investors,0.65352
Sep 1996,bank_of_israel,4.71468
Oct 1996,public,24.739692
Oct 1996,mutual_funds,5.255397
Oct 1996,providence_funds,42.055093
Oct 1996,pension_funds,0.250257
Oct 1996,banks,37.657720000000005
Oct 1996,insurance_companies,3.753855
Oct 1996,foreign_investors,0.703103
Oct 1996,bank_of_israel,4.7668
Nov 1996,public,25.779781
Nov 1996,mutual_funds,5.322121999999999
Nov 1996,providence_funds,42.62514
Nov 1996,pension_funds,0.180615
Nov 1996,banks,37.278936
Nov 1996,insurance_companies,3.756792
Nov 1996,foreign_investors,0.6863369999999999
Nov 1996,bank_of_israel,4.780277
Dec 1996,public,26.346442000000003
Dec 1996,mutual_funds,5.610589
Dec 1996,providence_funds,43.86572099999999
Dec 1996,pension_funds,0.196432
Dec 1996,banks,36.720507
Dec 1996,insurance_companies,4.493382
Dec 1996,foreign_investors,0.638404
Dec 1996,bank_of_israel,4.886246
Jan 1997,public,27.338964
Jan 1997,mutual_funds,5.714498
Jan 1997,providence_funds,46.169116
Jan 1997,pension_funds,0.226566
Jan 1997,banks,35.87295
Jan 1997,insurance_companies,4.657190000000001
Jan 1997,foreign_investors,0.981786
Jan 1997,bank_of_israel,4.921517000000001
Feb 1997,public,27.282532999999997
Feb 1997,mutual_funds,6.1236109999999995
Feb 1997,providence_funds,47.321127
Feb 1997,pension_funds,0.241889
Feb 1997,banks,35.608607
Feb 1997,insurance_companies,4.786855999999999
Feb 1997,foreign_investors,0.993018
Feb 1997,bank_of_israel,4.96509
Mar 1997,public,28.645818
Mar 1997,mutual_funds,6.296355999999999
Mar 1997,providence_funds,48.731714
Mar 1997,pension_funds,0.26018
Mar 1997,banks,35.241381000000004
Mar 1997,insurance_companies,4.917402
Mar 1997,foreign_investors,1.0016930000000002
Mar 1997,bank_of_israel,4.995456
Apr 1997,public,27.845346
Apr 1997,mutual_funds,7.309732
Apr 1997,providence_funds,49.721954
Apr 1997,pension_funds,0.27608699999999997
Apr 1997,banks,35.286547999999996
Apr 1997,insurance_companies,5.048448
Apr 1997,foreign_investors,0.972878
Apr 1997,bank_of_israel,5.022154
May 1997,public,29.094968999999995
May 1997,mutual_funds,6.734579
May 1997,providence_funds,50.02641100000001
May 1997,pension_funds,0.26462
May 1997,banks,35.128305
May 1997,insurance_companies,5.146859000000001
May 1997,foreign_investors,0.952632
May 1997,bank_of_israel,4.961625000000001
Jun 1997,public,28.41579
Jun 1997,mutual_funds,7.2414
Jun 1997,providence_funds,50.74344
Jun 1997,pension_funds,0.36207
Jun 1997,banks,35.87175
Jun 1997,insurance_companies,5.2835399999999995
Jun 1997,foreign_investors,1.16667
Jun 1997,bank_of_israel,5.01534
Jul 1997,public,28.886167
Jul 1997,mutual_funds,7.847846999999999
Jul 1997,providence_funds,52.720369
Jul 1997,pension_funds,0.318343
Jul 1997,banks,36.858583
Jul 1997,insurance_companies,5.439513000000001
Jul 1997,foreign_investors,1.1349619999999998
Jul 1997,bank_of_israel,5.218057
Aug 1997,public,30.458576999999995
Aug 1997,mutual_funds,7.847284999999999
Aug 1997,providence_funds,53.54209499999999
Aug 1997,pension_funds,0.33333599999999997
Aug 1997,banks,34.653054999999995
Aug 1997,insurance_companies,5.555599999999999
Aug 1997,foreign_investors,1.11112
Aug 1997,bank_of_israel,5.375043
Sep 1997,public,30.350265
Sep 1997,mutual_funds,7.756947000000001
Sep 1997,providence_funds,53.662587
Sep 1997,pension_funds,0.35950200000000004
Sep 1997,banks,34.194171000000004
Sep 1997,insurance_companies,5.613762
Sep 1997,foreign_investors,1.175295
Sep 1997,bank_of_israel,5.171298
Oct 1997,public,30.691846
Oct 1997,mutual_funds,7.850110000000001
Oct 1997,providence_funds,53.936508
Oct 1997,pension_funds,0.361244
Oct 1997,banks,33.97083
Oct 1997,insurance_companies,5.710434
Oct 1997,foreign_investors,1.125414
Oct 1997,bank_of_israel,5.3075079999999994
Nov 1997,public,30.74351
Nov 1997,mutual_funds,7.870450000000001
Nov 1997,providence_funds,54.24342000000001
Nov 1997,pension_funds,0.39004000000000005
Nov 1997,banks,34.1285
Nov 1997,insurance_companies,5.82274
Nov 1997,foreign_investors,0.82187
Nov 1997,bank_of_israel,5.2934
Dec 1997,public,28.654228000000003
Dec 1997,mutual_funds,7.628548
Dec 1997,providence_funds,53.54809399999999
Dec 1997,pension_funds,0.40434
Dec 1997,banks,32.88632
Dec 1997,insurance_companies,5.79554
Dec 1997,foreign_investors,0.74129
Dec 1997,bank_of_israel,5.135118
Jan 1998,public,26.071744
Jan 1998,mutual_funds,7.924023
Jan 1998,providence_funds,52.655987
Jan 1998,pension_funds,0.407371
Jan 1998,banks,31.827502
Jan 1998,insurance_companies,6.83332
Jan 1998,foreign_investors,0.775319
Jan 1998,bank_of_israel,4.914734
Feb 1998,public,26.994275
Feb 1998,mutual_funds,8.237565
Feb 1998,providence_funds,52.542665
Feb 1998,pension_funds,0.4377450000000001
Feb 1998,banks,31.769675000000003
Feb 1998,insurance_companies,7.030449999999999
Feb 1998,foreign_investors,0.623455
Feb 1998,bank_of_israel,5.01417
Mar 1998,public,26.384085
Mar 1998,mutual_funds,8.675310000000001
Mar 1998,providence_funds,52.68858
Mar 1998,pension_funds,0.4510100000000001
Mar 1998,banks,31.544170000000005
Mar 1998,insurance_companies,7.269220000000002
Mar 1998,foreign_investors,0.66325
Mar 1998,bank_of_israel,4.974375
Apr 1998,public,25.57278
Apr 1998,mutual_funds,9.4047
Apr 1998,providence_funds,52.77304
Apr 1998,pension_funds,0.4669
Apr 1998,banks,31.7492
Apr 1998,insurance_companies,7.51042
Apr 1998,foreign_investors,1.0005000000000002
Apr 1998,bank_of_israel,4.92246
May 1998,public,25.72614
May 1998,mutual_funds,9.917379999999998
May 1998,providence_funds,53.22371999999999
May 1998,pension_funds,0.49654
May 1998,banks,31.22834
May 1998,insurance_companies,7.756759999999999
May 1998,foreign_investors,0.8722999999999999
May 1998,bank_of_israel,4.97882
Jun 1998,public,25.061704
Jun 1998,mutual_funds,10.654896
Jun 1998,providence_funds,52.860568000000015
Jun 1998,pension_funds,0.507376
Jun 1998,banks,30.736304
Jun 1998,insurance_companies,7.997848000000001
Jun 1998,foreign_investors,0.80112
Jun 1998,bank_of_israel,4.87348
Jul 1998,public,23.95895
Jul 1998,mutual_funds,10.852391999999998
Jul 1998,providence_funds,53.92451
Jul 1998,pension_funds,0.53992
Jul 1998,banks,31.639312
Jul 1998,insurance_companies,8.23378
Jul 1998,foreign_investors,0.7558880000000001
Jul 1998,bank_of_israel,5.0887459999999995
Aug 1998,public,25.863696
Aug 1998,mutual_funds,11.377776
Aug 1998,providence_funds,56.635728
Aug 1998,pension_funds,0.5766239999999999
Aug 1998,banks,31.503359999999994
Aug 1998,insurance_companies,8.480592
Aug 1998,foreign_investors,0.759456
Aug 1998,bank_of_israel,5.442768
Sep 1998,public,24.99556
Sep 1998,mutual_funds,11.576156
Sep 1998,providence_funds,55.86996399999999
Sep 1998,pension_funds,0.5864879999999999
Sep 1998,banks,31.977559999999993
Sep 1998,insurance_companies,8.713536
Sep 1998,foreign_investors,0.614416
Sep 1998,bank_of_israel,5.3063199999999995
Oct 1998,public,27.069984
Oct 1998,mutual_funds,12.014784
Oct 1998,providence_funds,57.709152
Oct 1998,pension_funds,0.616896
Oct 1998,banks,34.29648
Oct 1998,insurance_companies,8.915616
Oct 1998,foreign_investors,0.631584
Oct 1998,bank_of_israel,5.640192
Nov 1998,public,26.0634
Nov 1998,mutual_funds,10.77384
Nov 1998,providence_funds,56.97648
Nov 1998,pension_funds,0.63888
Nov 1998,banks,35.588519999999995
Nov 1998,insurance_companies,9.1476
Nov 1998,foreign_investors,0.63888
Nov 1998,bank_of_israel,5.38692
Dec 1998,public,26.231868
Dec 1998,mutual_funds,10.410863999999998
Dec 1998,providence_funds,57.888498000000006
Dec 1998,pension_funds,0.6579900000000001
Dec 1998,banks,37.096014
Dec 1998,insurance_companies,7.778904
Dec 1998,foreign_investors,0.6433679999999999
Dec 1998,bank_of_israel,5.512494
Jan 1999,public,25.73188799999999
Jan 1999,mutual_funds,9.709056
Jan 1999,providence_funds,57.4308
Jan 1999,pension_funds,0.6357119999999999
Jan 1999,banks,37.145807999999995
Jan 1999,insurance_companies,7.917504
Jan 1999,foreign_investors,0.57792
Jan 1999,bank_of_israel,5.331312
Feb 1999,public,25.71744
Feb 1999,mutual_funds,9.31896
Feb 1999,providence_funds,58.283232
Feb 1999,pension_funds,0.6646079999999999
Feb 1999,banks,36.423408
Feb 1999,insurance_companies,8.061984
Feb 1999,foreign_investors,0.563472
Feb 1999,bank_of_israel,5.432447999999999
Mar 1999,public,25.01224
Mar 1999,mutual_funds,9.495926
Mar 1999,providence_funds,56.81559399999999
Mar 1999,pension_funds,0.7125579999999999
Mar 1999,banks,38.98710199999999
Mar 1999,insurance_companies,8.201687999999999
Mar 1999,foreign_investors,0.58168
Mar 1999,bank_of_israel,5.642295999999999
Apr 1999,public,25.836744
Apr 1999,mutual_funds,9.747767
Apr 1999,providence_funds,57.262601
Apr 1999,pension_funds,0.707856
Apr 1999,banks,39.07955
Apr 1999,insurance_companies,8.361549
Apr 1999,foreign_investors,0.6636150000000001
Apr 1999,bank_of_israel,5.780824
May 1999,public,25.303905
May 1999,mutual_funds,10.24029
May 1999,providence_funds,57.835377
May 1999,pension_funds,0.756891
May 1999,banks,39.135717
May 1999,insurance_companies,8.533574999999999
May 1999,foreign_investors,0.74205
May 1999,bank_of_israel,5.862195000000001
Jun 1999,public,26.729867999999996
Jun 1999,mutual_funds,10.579337999999998
Jun 1999,providence_funds,57.48995999999999
Jun 1999,pension_funds,0.8001179999999999
Jun 1999,banks,37.264754999999994
Jun 1999,insurance_companies,8.712395999999998
Jun 1999,foreign_investors,0.7408499999999999
Jun 1999,bank_of_israel,5.852715
Jul 1999,public,25.168844
Jul 1999,mutual_funds,11.68394
Jul 1999,providence_funds,58.702496
Jul 1999,pension_funds,0.878156
Jul 1999,banks,36.91232
Jul 1999,insurance_companies,8.915516
Jul 1999,foreign_investors,0.699548
Jul 1999,bank_of_israel,5.894063999999999
Aug 1999,public,26.626776
Aug 1999,mutual_funds,12.148752000000002
Aug 1999,providence_funds,60.02823200000001
Aug 1999,pension_funds,0.898216
Aug 1999,banks,36.811632
Aug 1999,insurance_companies,9.119176
Aug 1999,foreign_investors,0.715528
Aug 1999,bank_of_israel,5.891688
Sep 1999,public,24.149834
Sep 1999,mutual_funds,11.855648
Sep 1999,providence_funds,60.71483
Sep 1999,pension_funds,0.922442
Sep 1999,banks,37.744512
Sep 1999,insurance_companies,9.315152
Sep 1999,foreign_investors,0.695612
Sep 1999,bank_of_israel,5.82197
Oct 1999,public,26.261881999999996
Oct 1999,mutual_funds,11.51704
Oct 1999,providence_funds,60.20684199999999
Oct 1999,pension_funds,1.045626
Oct 1999,banks,36.702988
Oct 1999,insurance_companies,9.39548
Oct 1999,foreign_investors,0.7273919999999999
Oct 1999,bank_of_israel,5.667596
Nov 1999,public,26.943056
Nov 1999,mutual_funds,12.112016
Nov 1999,providence_funds,61.02355000000001
Nov 1999,pension_funds,1.112328
Nov 1999,banks,37.309335
Nov 1999,insurance_companies,9.485686
Nov 1999,foreign_investors,0.679756
Nov 1999,bank_of_israel,5.839722
Dec 1999,public,25.81749
Dec 1999,mutual_funds,12.435812
Dec 1999,providence_funds,61.853434
Dec 1999,pension_funds,1.147444
Dec 1999,banks,37.509014
Dec 1999,insurance_companies,9.567202
Dec 1999,foreign_investors,0.69777
Dec 1999,bank_of_israel,6.031834
Jan 2000,public,26.127783
Jan 2000,mutual_funds,12.869604
Jan 2000,providence_funds,62.187543
Jan 2000,pension_funds,1.165725
Jan 2000,banks,36.184104000000005
Jan 2000,insurance_companies,9.885348
Jan 2000,foreign_investors,0.885951
Jan 2000,bank_of_israel,6.123942
Feb 2000,public,25.7187
Feb 2000,mutual_funds,13.7529
Feb 2000,providence_funds,62.99916
Feb 2000,pension_funds,1.18104
Feb 2000,banks,34.4988
Feb 2000,insurance_companies,10.20978
Feb 2000,foreign_investors,0.8702400000000001
Feb 2000,bank_of_israel,6.184920000000001
Mar 2000,public,26.299380000000006
Mar 2000,mutual_funds,16.048959000000004
Mar 2000,providence_funds,63.894819
Mar 2000,pension_funds,1.2357540000000002
Mar 2000,banks,33.000969
Mar 2000,insurance_companies,10.519752
Mar 2000,foreign_investors,0.903051
Mar 2000,bank_of_israel,6.527316000000001
Apr 2000,public,25.271785
Apr 2000,mutual_funds,17.142509999999998
Apr 2000,providence_funds,63.77139999999999
Apr 2000,pension_funds,1.278585
Apr 2000,banks,32.248754999999996
Apr 2000,insurance_companies,10.560165
Apr 2000,foreign_investors,0.88396
Apr 2000,bank_of_israel,6.677055
May 2000,public,26.83314
May 2000,mutual_funds,17.88876
May 2000,providence_funds,64.68962400000001
May 2000,pension_funds,1.273164
May 2000,banks,32.199768
May 2000,insurance_companies,10.620444
May 2000,foreign_investors,0.8863800000000001
May 2000,bank_of_israel,6.784836
Jun 2000,public,25.000353
Jun 2000,mutual_funds,18.042633
Jun 2000,providence_funds,64.754235
Jun 2000,pension_funds,1.438983
Jun 2000,banks,30.803724000000003
Jun 2000,insurance_companies,10.673775
Jun 2000,foreign_investors,0.6957720000000001
Jun 2000,bank_of_israel,6.752150999999999
Jul 2000,public,25.899320000000003
Jul 2000,mutual_funds,17.396230000000003
Jul 2000,providence_funds,64.13982200000001
Jul 2000,pension_funds,1.5289960000000002
Jul 2000,banks,28.972914
Jul 2000,insurance_companies,10.718574
Jul 2000,foreign_investors,0.7176920000000001
Jul 2000,bank_of_israel,6.646452
Aug 2000,public,25.858636
Aug 2000,mutual_funds,17.338106
Aug 2000,providence_funds,64.115034
Aug 2000,pension_funds,1.704106
Aug 2000,banks,29.219946000000004
Aug 2000,insurance_companies,10.756192
Aug 2000,foreign_investors,0.672262
Aug 2000,bank_of_israel,6.691352
Sep 2000,public,25.8265
Sep 2000,mutual_funds,17.5683
Sep 2000,providence_funds,64.30720000000001
Sep 2000,pension_funds,1.7584
Sep 2000,banks,29.547400000000003
Sep 2000,insurance_companies,10.8016
Sep 2000,foreign_investors,0.6436999999999999
Sep 2000,bank_of_israel,6.546899999999999
Oct 2000,public,24.815696000000003
Oct 2000,mutual_funds,18.218122
Oct 2000,providence_funds,64.196442
Oct 2000,pension_funds,1.7635520000000002
Oct 2000,banks,30.531494
Oct 2000,insurance_companies,10.848994
Oct 2000,foreign_investors,0.5353640000000001
Oct 2000,bank_of_israel,6.550336000000001
Nov 2000,public,25.899903000000005
Nov 2000,mutual_funds,18.371412000000003
Nov 2000,providence_funds,64.473555
Nov 2000,pension_funds,2.020224
Nov 2000,banks,29.230116
Nov 2000,insurance_companies,10.89027
Nov 2000,foreign_investors,0.5050560000000001
Nov 2000,bank_of_israel,6.455247000000001
Dec 2000,public,25.289015999999997
Dec 2000,mutual_funds,19.013943
Dec 2000,providence_funds,64.37061100000001
Dec 2000,pension_funds,2.280415
Dec 2000,banks,28.402962
Dec 2000,insurance_companies,10.945992
Dec 2000,foreign_investors,0.424629
Dec 2000,bank_of_israel,6.558159000000001
Jan 2001,public,19.22683
Jan 2001,mutual_funds,20.616331999999996
Jan 2001,providence_funds,72.83575599999999
Jan 2001,pension_funds,2.520492
Jan 2001,banks,28.290907
Jan 2001,insurance_companies,10.922132
Jan 2001,foreign_investors,0.403925
Jan 2001,bank_of_israel,6.753626
Feb 2001,public,19.336977
Feb 2001,mutual_funds,19.542858000000003
Feb 2001,providence_funds,72.580971
Feb 2001,pension_funds,2.438898
Feb 2001,banks,26.495301
Feb 2001,insurance_companies,10.911693
Feb 2001,foreign_investors,0.427599
Feb 2001,bank_of_israel,6.619865999999999
Mar 2001,public,19.736774
Mar 2001,mutual_funds,21.7863
Mar 2001,providence_funds,73.492452
Mar 2001,pension_funds,2.3561479999999997
Mar 2001,banks,26.062869999999997
Mar 2001,insurance_companies,10.89315
Mar 2001,foreign_investors,0.40345
Mar 2001,bank_of_israel,6.664993999999999
Apr 2001,public,19.882816
Apr 2001,mutual_funds,24.640957
Apr 2001,providence_funds,73.514096
Apr 2001,pension_funds,2.011173
Apr 2001,banks,25.556613
Apr 2001,insurance_companies,10.922468
Apr 2001,foreign_investors,0.261616
Apr 2001,bank_of_israel,6.720261000000001
May 2001,public,21.940632
May 2001,mutual_funds,24.942336
May 2001,providence_funds,73.35103199999999
May 2001,pension_funds,1.940328
May 2001,banks,25.854456
May 2001,insurance_companies,10.962024
May 2001,foreign_investors,0.23217600000000005
May 2001,bank_of_israel,6.617016000000001
Jun 2001,public,22.479842
Jun 2001,mutual_funds,27.170121999999996
Jun 2001,providence_funds,73.41963299999999
Jun 2001,pension_funds,1.84261
Jun 2001,banks,24.590468
Jun 2001,insurance_companies,11.005407
Jun 2001,foreign_investors,0.217763
Jun 2001,bank_of_israel,6.784154999999999
Jul 2001,public,21.693474
Jul 2001,mutual_funds,28.779786
Jul 2001,providence_funds,73.570626
Jul 2001,pension_funds,1.855143
Jul 2001,banks,23.197644
Jul 2001,insurance_companies,11.064006
Jul 2001,foreign_investors,0.217269
Jul 2001,bank_of_israel,6.768764999999999
Aug 2001,public,24.836060000000003
Aug 2001,mutual_funds,26.571182
Aug 2001,providence_funds,74.35508100000001
Aug 2001,pension_funds,1.8712100000000005
Aug 2001,banks,24.325730000000004
Aug 2001,insurance_companies,11.125194
Aug 2001,foreign_investors,0.18712100000000004
Aug 2001,bank_of_israel,6.8554330000000006
Sep 2001,public,27.101709
Sep 2001,mutual_funds,23.614044
Sep 2001,providence_funds,74.721096
Sep 2001,pension_funds,1.905456
Sep 2001,banks,24.464694
Sep 2001,insurance_companies,11.194554
Sep 2001,foreign_investors,0.187143
Sep 2001,bank_of_israel,6.958316999999999
Oct 2001,public,25.337999999999997
Oct 2001,mutual_funds,24.037316
Oct 2001,providence_funds,73.69979599999999
Oct 2001,pension_funds,1.9087959999999995
Oct 2001,banks,25.963004
Oct 2001,insurance_companies,11.368316
Oct 2001,foreign_investors,0.16892
Oct 2001,bank_of_israel,6.435852
Nov 2001,public,26.680605
Nov 2001,mutual_funds,24.642863
Nov 2001,providence_funds,73.945858
Nov 2001,pension_funds,1.813245
Nov 2001,banks,27.388633999999996
Nov 2001,insurance_companies,11.552961
Nov 2001,foreign_investors,0.17269
Nov 2001,bank_of_israel,6.493144
Dec 2001,public,22.4983
Dec 2001,mutual_funds,27.9102
Dec 2001,providence_funds,73.0878
Dec 2001,pension_funds,1.8281
Dec 2001,banks,28.6523
Dec 2001,insurance_companies,20.1453
Dec 2001,foreign_investors,0.181
Dec 2001,bank_of_israel,6.697
Jan 2002,public,24.77734
Jan 2002,mutual_funds,36.22031
Jan 2002,providence_funds,74.577902
Jan 2002,pension_funds,1.910314
Jan 2002,banks,26.347201999999996
Jan 2002,insurance_companies,18.270924
Jan 2002,foreign_investors,0.18913999999999995
Jan 2002,bank_of_israel,6.846868
Feb 2002,public,24.547639000000004
Feb 2002,mutual_funds,39.241783000000005
Feb 2002,providence_funds,74.36997099999999
Feb 2002,pension_funds,1.932433
Feb 2002,banks,26.09741200000001
Feb 2002,insurance_companies,18.118951000000003
Feb 2002,foreign_investors,0.19133000000000003
Feb 2002,bank_of_israel,6.811348000000001
Mar 2002,public,25.04707
Mar 2002,mutual_funds,36.75324
Mar 2002,providence_funds,72.9052
Mar 2002,pension_funds,2.01053
Mar 2002,banks,26.71938
Mar 2002,insurance_companies,18.0384
Mar 2002,foreign_investors,0.20669
Mar 2002,bank_of_israel,6.23828
Apr 2002,public,25.05937
Apr 2002,mutual_funds,34.03218
Apr 2002,providence_funds,72.90171
Apr 2002,pension_funds,1.9728799999999995
Apr 2002,banks,30.769339999999996
Apr 2002,insurance_companies,18.495749999999997
Apr 2002,foreign_investors,0.20866999999999997
Apr 2002,bank_of_israel,6.279069999999999
May 2002,public,24.651311999999997
May 2002,mutual_funds,30.757944
May 2002,providence_funds,73.33578
May 2002,pension_funds,2.135448
May 2002,banks,31.09512
May 2002,insurance_companies,18.694536
May 2002,foreign_investors,0.26224800000000004
May 2002,bank_of_israel,6.368879999999999
Jun 2002,public,25.748574
Jun 2002,mutual_funds,25.8594
Jun 2002,providence_funds,72.258552
Jun 2002,pension_funds,2.382759
Jun 2002,banks,32.398134
Jun 2002,insurance_companies,19.135956
Jun 2002,foreign_investors,0.73884
Jun 2002,bank_of_israel,6.187785
Jul 2002,public,28.54623
Jul 2002,mutual_funds,24.470905
Jul 2002,providence_funds,72.91988500000001
Jul 2002,pension_funds,2.61579
Jul 2002,banks,32.280365
Jul 2002,insurance_companies,21.476015000000004
Jul 2002,foreign_investors,1.0046150000000005
Jul 2002,bank_of_israel,6.2551499999999995
Aug 2002,public,28.248036000000003
Aug 2002,mutual_funds,23.382255
Aug 2002,providence_funds,72.94884900000001
Aug 2002,pension_funds,2.764218
Aug 2002,banks,32.659425
Aug 2002,insurance_companies,22.359873000000004
Aug 2002,foreign_investors,0.8709180000000001
Aug 2002,bank_of_israel,6.096426000000001
Sep 2002,public,30.584456999999997
Sep 2002,mutual_funds,22.250052
Sep 2002,providence_funds,71.18892899999999
Sep 2002,pension_funds,2.977911
Sep 2002,banks,30.809205
Sep 2002,insurance_companies,22.643361
Sep 2002,foreign_investors,0.805347
Sep 2002,bank_of_israel,6.030738
Oct 2002,public,29.204516
Oct 2002,mutual_funds,20.530851
Oct 2002,providence_funds,71.600628
Oct 2002,pension_funds,3.3169619999999997
Oct 2002,banks,36.467519
Oct 2002,insurance_companies,22.608718
Oct 2002,foreign_investors,0.857835
Oct 2002,bank_of_israel,6.042971
Nov 2002,public,30.798288
Nov 2002,mutual_funds,20.47968
Nov 2002,providence_funds,72.68317199999998
Nov 2002,pension_funds,3.9974759999999994
Nov 2002,banks,38.06463599999999
Nov 2002,insurance_companies,23.650092
Nov 2002,foreign_investors,1.18152
Nov 2002,bank_of_israel,6.065136
Dec 2002,public,32.03037500000001
Dec 2002,mutual_funds,19.90811
Dec 2002,providence_funds,71.886017
Dec 2002,pension_funds,4.3758420000000005
Dec 2002,banks,37.84512
Dec 2002,insurance_companies,23.751755000000003
Dec 2002,foreign_investors,1.320637
Dec 2002,bank_of_israel,6.011855000000001
Jan 2003,public,32.274474000000005
Jan 2003,mutual_funds,20.345225
Jan 2003,providence_funds,70.940326
Jan 2003,pension_funds,4.624817
Jan 2003,banks,39.380416
Jan 2003,insurance_companies,23.699706000000003
Jan 2003,foreign_investors,1.310034
Jan 2003,bank_of_israel,5.934851000000001
Feb 2003,public,34.078196
Feb 2003,mutual_funds,20.512492
Feb 2003,providence_funds,71.35314399999999
Feb 2003,pension_funds,5.000048
Feb 2003,banks,42.13155199999999
Feb 2003,insurance_companies,24.48794
Feb 2003,foreign_investors,1.352472
Feb 2003,bank_of_israel,6.024648
Mar 2003,public,34.353617
Mar 2003,mutual_funds,21.020497
Mar 2003,providence_funds,72.332176
Mar 2003,pension_funds,4.874922000000001
Mar 2003,banks,42.228491000000005
Mar 2003,insurance_companies,25.895419
Mar 2003,foreign_investors,1.5833080000000002
Mar 2003,bank_of_israel,6.020737
Apr 2003,public,35.216552
Apr 2003,mutual_funds,22.369311999999994
Apr 2003,providence_funds,74.12533599999999
Apr 2003,pension_funds,5.138896
Apr 2003,banks,43.31355199999999
Apr 2003,insurance_companies,27.832088
Apr 2003,foreign_investors,1.856912
Apr 2003,bank_of_israel,6.045759999999999
May 2003,public,36.247176
May 2003,mutual_funds,23.152416
May 2003,providence_funds,76.521816
May 2003,pension_funds,4.841760000000001
May 2003,banks,43.091664
May 2003,insurance_companies,28.566384000000003
May 2003,foreign_investors,1.958712
May 2003,bank_of_israel,5.678064000000001
Jun 2003,public,37.768224
Jun 2003,mutual_funds,25.698426
Jun 2003,providence_funds,78.186459
Jun 2003,pension_funds,2.872701
Jun 2003,banks,41.242188
Jun 2003,insurance_companies,29.061045
Jun 2003,foreign_investors,2.137824
Jun 2003,bank_of_israel,5.700864
Jul 2003,public,38.252928
Jul 2003,mutual_funds,26.522328
Jul 2003,providence_funds,77.75712
Jul 2003,pension_funds,2.9047199999999997
Jul 2003,banks,41.55984
Jul 2003,insurance_companies,28.801416
Jul 2003,foreign_investors,1.943928
Jul 2003,bank_of_israel,5.675376
Aug 2003,public,39.605575
Aug 2003,mutual_funds,24.611239
Aug 2003,providence_funds,77.42611000000001
Aug 2003,pension_funds,3.1238199999999994
Aug 2003,banks,41.836875
Aug 2003,insurance_companies,29.140778
Aug 2003,foreign_investors,1.718101
Aug 2003,bank_of_israel,5.689814999999999
Sep 2003,public,39.415354
Sep 2003,mutual_funds,25.644531
Sep 2003,providence_funds,78.830708
Sep 2003,pension_funds,3.481764
Sep 2003,banks,39.259121
Sep 2003,insurance_companies,29.461079999999995
Sep 2003,foreign_investors,1.3614589999999998
Sep 2003,bank_of_israel,5.758302
Oct 2003,public,39.506742
Oct 2003,mutual_funds,27.785956
Oct 2003,providence_funds,78.96823
Oct 2003,pension_funds,4.0276060000000005
Oct 2003,banks,39.619877
Oct 2003,insurance_companies,29.57348900000001
Oct 2003,foreign_investors,1.13135
Oct 2003,bank_of_israel,5.679377
Nov 2003,public,41.483842
Nov 2003,mutual_funds,30.594909
Nov 2003,providence_funds,79.307345
Nov 2003,pension_funds,4.37399
Nov 2003,banks,37.961628999999995
Nov 2003,insurance_companies,29.812195000000003
Nov 2003,foreign_investors,1.058966
Nov 2003,bank_of_israel,5.5941030000000005
Dec 2003,public,42.92946
Dec 2003,mutual_funds,32.319252
Dec 2003,providence_funds,79.181004
Dec 2003,pension_funds,4.467456
Dec 2003,banks,37.92684
Dec 2003,insurance_companies,29.457288
Dec 2003,foreign_investors,0.907452
Dec 2003,bank_of_israel,5.5145159999999995
Jan 2004,public,41.82907
Jan 2004,mutual_funds,33.764518
Jan 2004,providence_funds,79.37095000000001
Jan 2004,pension_funds,5.399542
Jan 2004,banks,35.734308
Jan 2004,insurance_companies,28.944326
Jan 2004,foreign_investors,1.181874
Jan 2004,bank_of_israel,5.492238000000001
Feb 2004,public,42.399334
Feb 2004,mutual_funds,32.886812000000006
Feb 2004,providence_funds,79.12371600000002
Feb 2004,pension_funds,5.954048
Feb 2004,banks,36.119674
Feb 2004,insurance_companies,29.630692000000003
Feb 2004,foreign_investors,1.023352
Feb 2004,bank_of_israel,5.442372000000001
Mar 2004,public,43.28484
Mar 2004,mutual_funds,32.31588
Mar 2004,providence_funds,80.04504
Mar 2004,pension_funds,6.64284
Mar 2004,banks,37.49304
Mar 2004,insurance_companies,29.9046
Mar 2004,foreign_investors,1.4893200000000002
Mar 2004,bank_of_israel,5.2244399999999995
Apr 2004,public,43.698556
Apr 2004,mutual_funds,32.399255999999994
Apr 2004,providence_funds,80.11798399999999
Apr 2004,pension_funds,7.231552000000001
Apr 2004,banks,38.41762
Apr 2004,insurance_companies,29.949092
Apr 2004,foreign_investors,0.8563679999999999
Apr 2004,bank_of_israel,5.161995999999999
May 2004,public,44.278130999999995
May 2004,mutual_funds,32.147793
May 2004,providence_funds,79.83008999999998
May 2004,pension_funds,7.887117
May 2004,banks,40.130802
May 2004,insurance_companies,29.606654999999996
May 2004,foreign_investors,1.030839
May 2004,bank_of_israel,4.7946
Jun 2004,public,44.19009
Jun 2004,mutual_funds,28.93569
Jun 2004,providence_funds,79.79957999999999
Jun 2004,pension_funds,8.72361
Jun 2004,banks,40.543335
Jun 2004,insurance_companies,30.103605
Jun 2004,foreign_investors,1.310925
Jun 2004,bank_of_israel,4.743164999999999
Jul 2004,public,44.0818
Jul 2004,mutual_funds,27.950244
Jul 2004,providence_funds,80.18122
Jul 2004,pension_funds,9.078468
Jul 2004,banks,40.364632
Jul 2004,insurance_companies,30.666635999999997
Jul 2004,foreign_investors,1.1914
Jul 2004,bank_of_israel,4.741772
Aug 2004,public,45.46912
Aug 2004,mutual_funds,27.95312
Aug 2004,providence_funds,80.25952
Aug 2004,pension_funds,9.76064
Aug 2004,banks,41.16864
Aug 2004,insurance_companies,31.02144
Aug 2004,foreign_investors,1.18384
Aug 2004,bank_of_israel,4.78368
Sep 2004,public,46.65284799999999
Sep 2004,mutual_funds,28.427168000000002
Sep 2004,providence_funds,80.046208
Sep 2004,pension_funds,10.348272
Sep 2004,banks,41.95575999999999
Sep 2004,insurance_companies,31.264991999999996
Sep 2004,foreign_investors,1.10088
Sep 2004,bank_of_israel,4.819407999999999
Oct 2004,public,47.121016
Oct 2004,mutual_funds,28.302168000000002
Oct 2004,providence_funds,79.29040799999999
Oct 2004,pension_funds,11.059767999999998
Oct 2004,banks,43.574008000000006
Oct 2004,insurance_companies,31.011688
Oct 2004,foreign_investors,1.206968
Oct 2004,bank_of_israel,4.778608
Nov 2004,public,48.307608
Nov 2004,mutual_funds,27.551016
Nov 2004,providence_funds,79.26828
Nov 2004,pension_funds,11.572920000000002
Nov 2004,banks,44.449968
Nov 2004,insurance_companies,31.508208
Nov 2004,foreign_investors,1.4683919999999997
Nov 2004,bank_of_israel,4.728719999999999
Dec 2004,public,48.80584
Dec 2004,mutual_funds,28.094968
Dec 2004,providence_funds,80.41584
Dec 2004,pension_funds,12.644
Dec 2004,banks,44.8862
Dec 2004,insurance_companies,31.711152
Dec 2004,foreign_investors,1.567856
Dec 2004,bank_of_israel,4.754143999999999
Jan 2005,public,48.962448
Jan 2005,mutual_funds,29.719008
Jan 2005,providence_funds,80.363664
Jan 2005,pension_funds,13.330224
Jan 2005,banks,43.99228800000001
Jan 2005,insurance_companies,30.84048
Jan 2005,foreign_investors,2.982096
Jan 2005,bank_of_israel,4.689792
Feb 2005,public,48.836317
Feb 2005,mutual_funds,32.755751
Feb 2005,providence_funds,78.980915
Feb 2005,pension_funds,13.986472999999998
Feb 2005,banks,45.63054499999999
Feb 2005,insurance_companies,30.248009999999994
Feb 2005,foreign_investors,3.4643019999999995
Feb 2005,bank_of_israel,4.601833999999999
Mar 2005,public,38.174895
Mar 2005,mutual_funds,34.550208
Mar 2005,providence_funds,78.76624799999999
Mar 2005,pension_funds,22.493625
Mar 2005,banks,46.24689299999999
Mar 2005,insurance_companies,29.537343
Mar 2005,foreign_investors,2.647821
Mar 2005,bank_of_israel,4.601553
Apr 2005,public,41.086324000000005
Apr 2005,mutual_funds,34.721566
Apr 2005,providence_funds,78.860904
Apr 2005,pension_funds,22.483637
Apr 2005,banks,45.588226000000006
Apr 2005,insurance_companies,29.055379
Apr 2005,foreign_investors,2.380316
Apr 2005,bank_of_israel,4.553648000000001
May 2005,public,41.671499999999995
May 2005,mutual_funds,37.05558
May 2005,providence_funds,77.675676
May 2005,pension_funds,22.848804
May 2005,banks,40.927824
May 2005,insurance_companies,28.721279999999997
May 2005,foreign_investors,3.487584
May 2005,bank_of_israel,4.0517520000000005
Jun 2005,public,41.78491199999999
Jun 2005,mutual_funds,38.397645
Jun 2005,providence_funds,77.028003
Jun 2005,pension_funds,23.064444
Jun 2005,banks,41.810769
Jun 2005,insurance_companies,28.546128
Jun 2005,foreign_investors,4.162977000000001
Jun 2005,bank_of_israel,3.800979
Jul 2005,public,43.37787300000001
Jul 2005,mutual_funds,40.29252700000001
Jul 2005,providence_funds,76.584563
Jul 2005,pension_funds,22.904772
Jul 2005,banks,41.73061200000001
Jul 2005,insurance_companies,28.212613
Jul 2005,foreign_investors,4.549578
Jul 2005,bank_of_israel,3.817462
Aug 2005,public,43.089696000000004
Aug 2005,mutual_funds,41.584725
Aug 2005,providence_funds,75.93502799999999
Aug 2005,pension_funds,23.973923999999997
Aug 2005,banks,42.667248
Aug 2005,insurance_companies,28.59444899999999
Aug 2005,foreign_investors,4.382898
Aug 2005,bank_of_israel,3.802031999999999
Sep 2005,public,44.085002
Sep 2005,mutual_funds,44.138406
Sep 2005,providence_funds,75.83368
Sep 2005,pension_funds,23.924992000000003
Sep 2005,banks,42.88341199999999
Sep 2005,insurance_companies,27.823483999999997
Sep 2005,foreign_investors,4.539339999999999
Sep 2005,bank_of_israel,3.791684
Oct 2005,public,42.857842
Oct 2005,mutual_funds,44.52830599999999
Oct 2005,providence_funds,73.396012
Oct 2005,pension_funds,24.300031
Oct 2005,banks,41.187377999999995
Oct 2005,insurance_companies,26.857928999999995
Oct 2005,foreign_investors,4.411069
Oct 2005,bank_of_israel,3.497534
Nov 2005,public,42.671538
Nov 2005,mutual_funds,43.94803700000001
Nov 2005,providence_funds,72.786494
Nov 2005,pension_funds,25.399725
Nov 2005,banks,41.863957
Nov 2005,insurance_companies,26.31151
Nov 2005,foreign_investors,4.116058
Nov 2005,bank_of_israel,3.438732
Dec 2005,public,43.678269
Dec 2005,mutual_funds,41.482592999999994
Dec 2005,providence_funds,73.110783
Dec 2005,pension_funds,25.59008099999999
Dec 2005,banks,44.41016099999999
Dec 2005,insurance_companies,26.348112
Dec 2005,foreign_investors,3.371931
Dec 2005,bank_of_israel,3.39807
Jan 2006,public,44.522202
Jan 2006,mutual_funds,40.904443
Jan 2006,providence_funds,73.807565
Jan 2006,pension_funds,26.169337
Jan 2006,banks,45.65770299999999
Jan 2006,insurance_companies,25.746825
Jan 2006,foreign_investors,3.881829
Jan 2006,bank_of_israel,3.4065030000000003
Feb 2006,public,44.65487
Feb 2006,mutual_funds,38.868233
Feb 2006,providence_funds,72.901057
Feb 2006,pension_funds,26.502269
Feb 2006,banks,48.08986
Feb 2006,insurance_companies,25.762425000000004
Feb 2006,foreign_investors,4.042719
Feb 2006,bank_of_israel,3.3821440000000003
Mar 2006,public,58.350218
Mar 2006,mutual_funds,36.273216
Mar 2006,providence_funds,71.952674
Mar 2006,pension_funds,26.503198
Mar 2006,banks,43.641213
Mar 2006,insurance_companies,24.964825
Mar 2006,foreign_investors,4.7770529999999995
Mar 2006,bank_of_israel,3.400614
Apr 2006,public,44.334641999999995
Apr 2006,mutual_funds,36.528888
Apr 2006,providence_funds,69.971187
Apr 2006,pension_funds,26.605887
Apr 2006,banks,44.589732000000005
Apr 2006,insurance_companies,24.769239
Apr 2006,foreign_investors,4.84671
Apr 2006,bank_of_israel,3.418206
May 2006,public,45.486298
May 2006,mutual_funds,35.304698
May 2006,providence_funds,69.33669599999999
May 2006,pension_funds,26.930332
May 2006,banks,44.951764
May 2006,insurance_companies,24.970374000000003
May 2006,foreign_investors,4.174455999999999
May 2006,bank_of_israel,3.410836
Jun 2006,public,46.128114
Jun 2006,mutual_funds,34.710263999999995
Jun 2006,providence_funds,68.583219
Jun 2006,pension_funds,26.996872
Jun 2006,banks,45.138566999999995
Jun 2006,insurance_companies,24.992405
Jun 2006,foreign_investors,3.80595
Jun 2006,bank_of_israel,3.374609
Jul 2006,public,47.535523000000005
Jul 2006,mutual_funds,34.253163
Jul 2006,providence_funds,69.144901
Jul 2006,pension_funds,26.998951
Jul 2006,banks,46.079572
Jul 2006,insurance_companies,24.572366
Jul 2006,foreign_investors,3.524934
Jul 2006,bank_of_israel,3.3716760000000003
Aug 2006,public,48.38592
Aug 2006,mutual_funds,33.916079999999994
Aug 2006,providence_funds,68.13839999999999
Aug 2006,pension_funds,27.612640000000003
Aug 2006,banks,46.089119999999994
Aug 2006,insurance_companies,24.47368
Aug 2006,foreign_investors,3.29208
Aug 2006,bank_of_israel,3.26656
Sep 2006,public,48.884832
Sep 2006,mutual_funds,33.597024000000005
Sep 2006,providence_funds,68.22700800000001
Sep 2006,pension_funds,28.509696
Sep 2006,banks,46.948032000000005
Sep 2006,insurance_companies,25.023456
Sep 2006,foreign_investors,3.74448
Sep 2006,bank_of_israel,3.2538240000000003
Oct 2006,public,51.602176
Oct 2006,mutual_funds,33.645568
Oct 2006,providence_funds,67.159296
Oct 2006,pension_funds,28.161024
Oct 2006,banks,48.438016000000005
Oct 2006,insurance_companies,26.130688
Oct 2006,foreign_investors,5.2736
Oct 2006,bank_of_israel,3.243264
Nov 2006,public,51.66909
Nov 2006,mutual_funds,33.17193
Nov 2006,providence_funds,66.04983
Nov 2006,pension_funds,28.01304
Nov 2006,banks,50.5197
Nov 2006,insurance_companies,26.35578
Nov 2006,foreign_investors,8.393220000000001
Nov 2006,bank_of_israel,3.15414
Dec 2006,public,51.00908799999999
Dec 2006,mutual_funds,32.954416
Dec 2006,providence_funds,63.946944
Dec 2006,pension_funds,28.261792
Dec 2006,banks,47.827648
Dec 2006,insurance_companies,25.584080000000004
Dec 2006,foreign_investors,12.407616
Dec 2006,bank_of_israel,3.154928
Jan 2007,public,51.22019
Jan 2007,mutual_funds,34.529565000000005
Jan 2007,providence_funds,63.77154
Jan 2007,pension_funds,28.22718500000001
Jan 2007,banks,49.377545
Jan 2007,insurance_companies,25.15611
Jan 2007,foreign_investors,11.616675
Jan 2007,bank_of_israel,3.1511899999999997
Feb 2007,public,52.42096000000001
Feb 2007,mutual_funds,35.34118
Feb 2007,providence_funds,61.12198
Feb 2007,pension_funds,28.25146
Feb 2007,banks,50.299415
Feb 2007,insurance_companies,25.51225
Feb 2007,foreign_investors,12.433865
Feb 2007,bank_of_israel,3.16889
Mar 2007,public,52.262814
Mar 2007,mutual_funds,36.419892
Mar 2007,providence_funds,59.22939600000001
Mar 2007,pension_funds,27.16698
Mar 2007,banks,53.17734600000001
Mar 2007,insurance_companies,23.670240000000003
Mar 2007,foreign_investors,13.906266
Mar 2007,bank_of_israel,3.173964
Apr 2007,public,54.228174
Apr 2007,mutual_funds,38.301018000000006
Apr 2007,providence_funds,58.724616
Apr 2007,pension_funds,27.628739999999997
Apr 2007,banks,52.27791
Apr 2007,insurance_companies,24.188691
Apr 2007,foreign_investors,12.46002
Apr 2007,bank_of_israel,3.060831
May 2007,public,53.811936
May 2007,mutual_funds,41.01386399999999
May 2007,providence_funds,58.860216
May 2007,pension_funds,27.670032000000003
May 2007,banks,52.229232
May 2007,insurance_companies,24.068016000000004
May 2007,foreign_investors,12.115872
May 2007,bank_of_israel,3.110832
Jun 2007,public,51.39966
Jun 2007,mutual_funds,41.692525
Jun 2007,providence_funds,55.15072
Jun 2007,pension_funds,26.815009999999997
Jun 2007,banks,40.90683
Jun 2007,insurance_companies,21.7967
Jun 2007,foreign_investors,12.57112
Jun 2007,bank_of_israel,3.117435
Jul 2007,public,55.147685
Jul 2007,mutual_funds,38.021695
Jul 2007,providence_funds,51.303075
Jul 2007,pension_funds,26.512829999999997
Jul 2007,banks,42.88987
Jul 2007,insurance_companies,21.245215
Jul 2007,foreign_investors,11.683619999999998
Jul 2007,bank_of_israel,2.84601
Aug 2007,public,58.4704
Aug 2007,mutual_funds,37.1712
Aug 2007,providence_funds,50.6112
Aug 2007,pension_funds,27.5456
Aug 2007,banks,46.1056
Aug 2007,insurance_companies,22.144
Aug 2007,foreign_investors,11.1104
Aug 2007,bank_of_israel,2.8416
Sep 2007,public,64.43220000000001
Sep 2007,mutual_funds,37.559
Sep 2007,providence_funds,49.3028
Sep 2007,pension_funds,28.4602
Sep 2007,banks,45.78495
Sep 2007,insurance_companies,22.350249999999996
Sep 2007,foreign_investors,13.83335
Sep 2007,bank_of_israel,2.8037
Oct 2007,public,63.295674
Oct 2007,mutual_funds,38.17961
Oct 2007,providence_funds,49.03485800000001
Oct 2007,pension_funds,29.053752
Oct 2007,banks,46.214622
Oct 2007,insurance_companies,22.827948000000003
Oct 2007,foreign_investors,14.713118
Oct 2007,bank_of_israel,2.79363
Nov 2007,public,64.15337500000001
Nov 2007,mutual_funds,37.851825
Nov 2007,providence_funds,50.122325
Nov 2007,pension_funds,29.262475
Nov 2007,banks,46.334475000000005
Nov 2007,insurance_companies,22.940499999999997
Nov 2007,foreign_investors,13.284150000000002
Nov 2007,bank_of_israel,2.82755
Dec 2007,public,66.9879
Dec 2007,mutual_funds,38.306142
Dec 2007,providence_funds,49.571046
Dec 2007,pension_funds,29.52936
Dec 2007,banks,49.981176000000005
Dec 2007,insurance_companies,23.896908000000003
Dec 2007,foreign_investors,12.3039
Dec 2007,bank_of_israel,2.8709100000000003
Jan 2008,public,68.671044
Jan 2008,mutual_funds,38.049336
Jan 2008,providence_funds,49.370256
Jan 2008,pension_funds,30.676931999999997
Jan 2008,banks,50.640408
Jan 2008,insurance_companies,25.12692
Jan 2008,foreign_investors,10.934352
Jan 2008,bank_of_israel,2.650752
Feb 2008,public,72.87540000000001
Feb 2008,mutual_funds,39.18454200000001
Feb 2008,providence_funds,51.377157
Feb 2008,pension_funds,31.364451
Feb 2008,banks,46.64025600000001
Feb 2008,insurance_companies,25.590477000000007
Feb 2008,foreign_investors,10.566933
Feb 2008,bank_of_israel,2.690784
Mar 2008,public,70.347732
Mar 2008,mutual_funds,38.348901
Mar 2008,providence_funds,51.29752199999999
Mar 2008,pension_funds,30.866862
Mar 2008,banks,46.493556
Mar 2008,insurance_companies,25.427889
Mar 2008,foreign_investors,10.601855999999998
Mar 2008,bank_of_israel,2.6504639999999995
Apr 2008,public,70.591743
Apr 2008,mutual_funds,39.695556
Apr 2008,providence_funds,53.69583000000001
Apr 2008,pension_funds,31.627125
Apr 2008,banks,46.273998
Apr 2008,insurance_companies,25.807734
Apr 2008,foreign_investors,10.739166
Apr 2008,bank_of_israel,2.698848
May 2008,public,72.854066
May 2008,mutual_funds,41.835852
May 2008,providence_funds,54.174272
May 2008,pension_funds,32.969406
May 2008,banks,46.25472800000001
May 2008,insurance_companies,27.001054
May 2008,foreign_investors,9.124692
May 2008,bank_of_israel,2.6972359999999997
Jun 2008,public,73.889739
Jun 2008,mutual_funds,42.25178700000001
Jun 2008,providence_funds,55.221021
Jun 2008,pension_funds,34.255062
Jun 2008,banks,45.392319
Jun 2008,insurance_companies,28.410183000000004
Jun 2008,foreign_investors,8.665542
Jun 2008,bank_of_israel,2.7043470000000003
Jul 2008,public,72.203157
Jul 2008,mutual_funds,44.112843000000005
Jul 2008,providence_funds,56.529576000000006
Jul 2008,pension_funds,34.778484000000006
Jul 2008,banks,42.484418999999995
Jul 2008,insurance_companies,29.805975000000004
Jul 2008,foreign_investors,8.258436
Jul 2008,bank_of_israel,2.5880310000000004
Aug 2008,public,73.280064
Aug 2008,mutual_funds,43.333884
Aug 2008,providence_funds,57.63171699999999
Aug 2008,pension_funds,35.465672
Aug 2008,banks,43.040294
Aug 2008,insurance_companies,30.650795999999996
Aug 2008,foreign_investors,7.5452629999999985
Aug 2008,bank_of_israel,2.612951
Sep 2008,public,79.573005
Sep 2008,mutual_funds,43.967457
Sep 2008,providence_funds,56.435393
Sep 2008,pension_funds,35.485664
Sep 2008,banks,43.487921
Sep 2008,insurance_companies,30.330651999999997
Sep 2008,foreign_investors,7.852402
Sep 2008,bank_of_israel,2.6074770000000003
Oct 2008,public,79.771334
Oct 2008,mutual_funds,42.794766
Oct 2008,providence_funds,54.667434
Oct 2008,pension_funds,34.554779999999994
Oct 2008,banks,45.51189399999999
Oct 2008,insurance_companies,28.677514
Oct 2008,foreign_investors,6.851887999999999
Oct 2008,bank_of_israel,2.5103899999999997
Nov 2008,public,81.96524000000001
Nov 2008,mutual_funds,39.494
Nov 2008,providence_funds,58.35998000000001
Nov 2008,pension_funds,36.69904
Nov 2008,banks,48.36496
Nov 2008,insurance_companies,29.65088
Nov 2008,foreign_investors,6.86588
Nov 2008,bank_of_israel,2.3696400000000004
Dec 2008,public,89.498825
Dec 2008,mutual_funds,35.926254
Dec 2008,providence_funds,64.090663
Dec 2008,pension_funds,40.076465000000006
Dec 2008,banks,45.715683
Dec 2008,insurance_companies,31.966129
Dec 2008,foreign_investors,7.0965440000000015
Dec 2008,bank_of_israel,2.439437
Jan 2009,public,90.016455
Jan 2009,mutual_funds,37.698645
Jan 2009,providence_funds,64.24652999999999
Jan 2009,pension_funds,41.29670999999999
Jan 2009,banks,47.35831499999999
Jan 2009,insurance_companies,33.160545
Jan 2009,foreign_investors,7.876844999999999
Jan 2009,bank_of_israel,2.46354
Feb 2009,public,102.19836
Feb 2009,mutual_funds,38.36616
Feb 2009,providence_funds,65.5032
Feb 2009,pension_funds,40.63872
Feb 2009,banks,45.284099999999995
Feb 2009,insurance_companies,32.81844
Feb 2009,foreign_investors,6.851099999999999
Feb 2009,bank_of_israel,2.53992
Mar 2009,public,99.315697
Mar 2009,mutual_funds,38.398511
Mar 2009,providence_funds,67.656108
Mar 2009,pension_funds,41.70125
Mar 2009,banks,42.76880200000001
Mar 2009,insurance_companies,33.594527
Mar 2009,foreign_investors,7.139254000000001
Mar 2009,bank_of_israel,3.0024900000000003
Apr 2009,public,96.027875
Apr 2009,mutual_funds,40.749219999999994
Apr 2009,providence_funds,66.668396
Apr 2009,pension_funds,39.947596
Apr 2009,banks,44.32312699999999
Apr 2009,insurance_companies,32.39896999999999
Apr 2009,foreign_investors,7.214616
Apr 2009,bank_of_israel,6.713600999999999
May 2009,public,97.359724
May 2009,mutual_funds,41.392856
May 2009,providence_funds,64.651382
May 2009,pension_funds,39.695882000000005
May 2009,banks,45.651928000000005
May 2009,insurance_companies,30.745176
May 2009,foreign_investors,6.455156
May 2009,bank_of_israel,6.787896000000001
Jun 2009,public,95.284728
Jun 2009,mutual_funds,43.070622
Jun 2009,providence_funds,65.03560800000001
Jun 2009,pension_funds,41.936279999999996
Jun 2009,banks,48.742332
Jun 2009,insurance_companies,32.070942
Jun 2009,foreign_investors,6.565434
Jun 2009,bank_of_israel,10.99968
Jul 2009,public,95.6703
Jul 2009,mutual_funds,44.80938
Jul 2009,providence_funds,64.85292
Jul 2009,pension_funds,42.36078
Jul 2009,banks,48.447300000000006
Jul 2009,insurance_companies,32.95116
Jul 2009,foreign_investors,5.38692
Jul 2009,bank_of_israel,15.35622
Aug 2009,public,92.038535
Aug 2009,mutual_funds,46.037015
Aug 2009,providence_funds,64.63639500000001
Aug 2009,pension_funds,43.694345000000006
Aug 2009,banks,49.12508
Aug 2009,insurance_companies,32.477925
Aug 2009,foreign_investors,6.6375649999999995
Aug 2009,bank_of_israel,20.30314
Sep 2009,public,93.825352
Sep 2009,mutual_funds,47.166454
Sep 2009,providence_funds,66.381074
Sep 2009,pension_funds,44.664928
Sep 2009,banks,48.725376
Sep 2009,insurance_companies,32.882378
Sep 2009,foreign_investors,8.447182
Sep 2009,bank_of_israel,20.483510000000003
Oct 2009,public,95.316464
Oct 2009,mutual_funds,49.050248
Oct 2009,providence_funds,66.999928
Oct 2009,pension_funds,44.544512
Oct 2009,banks,47.658232
Oct 2009,insurance_companies,33.51828
Oct 2009,foreign_investors,8.645152
Oct 2009,bank_of_israel,20.587184
Nov 2009,public,96.940665
Nov 2009,mutual_funds,49.341501
Nov 2009,providence_funds,67.02436799999998
Nov 2009,pension_funds,45.449046
Nov 2009,banks,45.930969
Nov 2009,insurance_companies,34.624314
Nov 2009,foreign_investors,10.75059
Nov 2009,bank_of_israel,20.648546999999997
Dec 2009,public,97.054109
Dec 2009,mutual_funds,47.883947
Dec 2009,providence_funds,65.817459
Dec 2009,pension_funds,45.16452099999999
Dec 2009,banks,47.332712
Dec 2009,insurance_companies,34.17657
Dec 2009,foreign_investors,9.848732000000002
Dec 2009,bank_of_israel,20.21195
Jan 2010,public,95.481504
Jan 2010,mutual_funds,46.709316
Jan 2010,providence_funds,65.90139300000001
Jan 2010,pension_funds,45.34634700000001
Jan 2010,banks,47.851263
Jan 2010,insurance_companies,34.479431999999996
Jan 2010,foreign_investors,12.119373
Jan 2010,bank_of_israel,20.444535
Feb 2010,public,96.392076
Feb 2010,mutual_funds,47.119239
Feb 2010,providence_funds,65.833263
Feb 2010,pension_funds,46.042440000000006
Feb 2010,banks,47.453418
Feb 2010,insurance_companies,36.01707
Feb 2010,foreign_investors,12.327492
Feb 2010,bank_of_israel,20.125002
Mar 2010,public,95.445208
Mar 2010,mutual_funds,47.427108
Mar 2010,providence_funds,65.895608
Mar 2010,pension_funds,45.80188
Mar 2010,banks,46.355935
Mar 2010,insurance_companies,36.198260000000005
Mar 2010,foreign_investors,12.300021
Mar 2010,bank_of_israel,19.94598
Apr 2010,public,91.026909
Apr 2010,mutual_funds,46.079406
Apr 2010,providence_funds,67.439511
Apr 2010,pension_funds,46.37151
Apr 2010,banks,45.714276
Apr 2010,insurance_companies,36.220896
Apr 2010,foreign_investors,12.377907
Apr 2010,bank_of_israel,19.899585
May 2010,public,96.230592
May 2010,mutual_funds,44.217066
May 2010,providence_funds,68.831604
May 2010,pension_funds,47.075768
May 2010,banks,46.704508
May 2010,insurance_companies,36.272102
May 2010,foreign_investors,11.843194
May 2010,bank_of_israel,20.122292
Jun 2010,public,95.87156799999998
Jun 2010,mutual_funds,45.44995
Jun 2010,providence_funds,68.601598
Jun 2010,pension_funds,48.455212
Jun 2010,banks,45.301542
Jun 2010,insurance_companies,36.322858
Jun 2010,foreign_investors,10.759579999999998
Jun 2010,bank_of_israel,20.257692
Jul 2010,public,95.733176
Jul 2010,mutual_funds,47.06352
Jul 2010,providence_funds,69.1012
Jul 2010,pension_funds,49.155232
Jul 2010,banks,45.345328
Jul 2010,insurance_companies,36.492904
Jul 2010,foreign_investors,10.64532
Jul 2010,bank_of_israel,19.98332
Aug 2010,public,96.754824
Aug 2010,mutual_funds,47.809602000000005
Aug 2010,providence_funds,69.197112
Aug 2010,pension_funds,50.270112
Aug 2010,banks,45.841193999999994
Aug 2010,insurance_companies,37.134774
Aug 2010,foreign_investors,11.280492000000002
Aug 2010,bank_of_israel,20.25189
Sep 2010,public,96.368025
Sep 2010,mutual_funds,48.05096
Sep 2010,providence_funds,68.99722499999999
Sep 2010,pension_funds,49.989725
Sep 2010,banks,48.73523
Sep 2010,insurance_companies,36.760504999999995
Sep 2010,foreign_investors,11.138395
Sep 2010,bank_of_israel,20.07192
Oct 2010,public,93.756971
Oct 2010,mutual_funds,50.56469
Oct 2010,providence_funds,70.829165
Oct 2010,pension_funds,51.722660000000005
Oct 2010,banks,48.673339
Oct 2010,insurance_companies,37.827020000000005
Oct 2010,foreign_investors,12.73767
Oct 2010,bank_of_israel,19.917084000000003
Nov 2010,public,94.607227
Nov 2010,mutual_funds,51.642859
Nov 2010,providence_funds,72.229952
Nov 2010,pension_funds,51.642859
Nov 2010,banks,50.397515000000006
Nov 2010,insurance_companies,37.048984
Nov 2010,foreign_investors,11.830768
Nov 2010,bank_of_israel,19.769836
Dec 2010,public,93.907504
Dec 2010,mutual_funds,51.30708
Dec 2010,providence_funds,72.995982
Dec 2010,pension_funds,51.656901
Dec 2010,banks,49.868927000000006
Dec 2010,insurance_companies,37.625192
Dec 2010,foreign_investors,11.6607
Dec 2010,bank_of_israel,19.628845
Jan 2011,public,91.222148
Jan 2011,mutual_funds,51.166767
Jan 2011,providence_funds,73.855751
Jan 2011,pension_funds,52.44885
Jan 2011,banks,48.17524
Jan 2011,insurance_companies,37.60776799999999
Jan 2011,foreign_investors,14.569125
Jan 2011,bank_of_israel,19.503202
Feb 2011,public,89.39513699999999
Feb 2011,mutual_funds,50.011806
Feb 2011,providence_funds,74.863113
Feb 2011,pension_funds,53.181024
Feb 2011,banks,46.610694
Feb 2011,insurance_companies,38.996841
Feb 2011,foreign_investors,14.145534
Feb 2011,bank_of_israel,19.285851
Mar 2011,public,88.64394
Mar 2011,mutual_funds,48.581484
Mar 2011,providence_funds,73.639706
Mar 2011,pension_funds,52.994494
Mar 2011,banks,48.619858
Mar 2011,insurance_companies,37.836763999999995
Mar 2011,foreign_investors,14.697242
Mar 2011,bank_of_israel,18.764886
Apr 2011,public,83.88695799999999
Apr 2011,mutual_funds,47.18177
Apr 2011,providence_funds,74.48775499999999
Apr 2011,pension_funds,53.608892999999995
Apr 2011,banks,45.88148499999999
Apr 2011,insurance_companies,37.89402
Apr 2011,foreign_investors,9.882166000000002
Apr 2011,bank_of_israel,18.724104
May 2011,public,85.439871
May 2011,mutual_funds,43.78934100000001
May 2011,providence_funds,74.858385
May 2011,pension_funds,54.89614900000001
May 2011,banks,46.79118100000001
May 2011,insurance_companies,39.39915
May 2011,foreign_investors,11.2569
May 2011,bank_of_israel,18.836546
Jun 2011,public,88.989483
Jun 2011,mutual_funds,41.475252
Jun 2011,providence_funds,75.772095
Jun 2011,pension_funds,56.401785
Jun 2011,banks,47.210383
Jun 2011,insurance_companies,39.272354
Jun 2011,foreign_investors,11.812091
Jun 2011,bank_of_israel,18.876557
Jul 2011,public,86.91936800000002
Jul 2011,mutual_funds,39.224368
Jul 2011,providence_funds,75.39625600000001
Jul 2011,pension_funds,57.233999999999995
Jul 2011,banks,46.512164000000006
Jul 2011,insurance_companies,39.949332000000005
Jul 2011,foreign_investors,17.284668
Jul 2011,bank_of_israel,18.963532
Aug 2011,public,87.85599599999999
Aug 2011,mutual_funds,36.52614
Aug 2011,providence_funds,74.752968
Aug 2011,pension_funds,58.519128
Aug 2011,banks,48.35365199999999
Aug 2011,insurance_companies,39.270432
Aug 2011,foreign_investors,21.954336
Aug 2011,bank_of_israel,19.287348
Sep 2011,public,89.690045
Sep 2011,mutual_funds,36.36402
Sep 2011,providence_funds,74.81385500000002
Sep 2011,pension_funds,59.50476
Sep 2011,banks,50.571175
Sep 2011,insurance_companies,39.866615
Sep 2011,foreign_investors,23.416225
Sep 2011,bank_of_israel,19.323305
Oct 2011,public,90.331336
Oct 2011,mutual_funds,37.10607
Oct 2011,providence_funds,76.84547400000001
Oct 2011,pension_funds,60.127793
Oct 2011,banks,49.91364899999999
Oct 2011,insurance_companies,40.497485000000005
Oct 2011,foreign_investors,24.817178
Oct 2011,bank_of_israel,19.390914
Nov 2011,public,92.65158
Nov 2011,mutual_funds,36.35541
Nov 2011,providence_funds,77.20965
Nov 2011,pension_funds,59.98440000000001
Nov 2011,banks,54.51285
Nov 2011,insurance_companies,40.16523
Nov 2011,foreign_investors,25.00701
Nov 2011,bank_of_israel,19.4544
Dec 2011,public,91.319218
Dec 2011,mutual_funds,34.786327
Dec 2011,providence_funds,78.729102
Dec 2011,pension_funds,60.824976
Dec 2011,banks,57.718324
Dec 2011,insurance_companies,39.936829
Dec 2011,foreign_investors,25.916018
Dec 2011,bank_of_israel,19.580083
Jan 2012,public,94.893604
Jan 2012,mutual_funds,33.796022
Jan 2012,providence_funds,80.45687
Jan 2012,pension_funds,62.173098
Jan 2012,banks,57.41600800000001
Jan 2012,insurance_companies,37.188034
Jan 2012,foreign_investors,28.046148
Jan 2012,bank_of_israel,19.690216
Feb 2012,public,95.13594799999998
Feb 2012,mutual_funds,34.784471999999994
Feb 2012,providence_funds,79.286908
Feb 2012,pension_funds,62.687124
Feb 2012,banks,59.350483999999994
Feb 2012,insurance_companies,39.539184
Feb 2012,foreign_investors,26.901660000000003
Feb 2012,bank_of_israel,19.39422
Mar 2012,public,88.598515
Mar 2012,mutual_funds,34.53492
Mar 2012,providence_funds,81.691531
Mar 2012,pension_funds,63.437358999999994
Mar 2012,banks,60.888352999999995
Mar 2012,insurance_companies,40.866322
Mar 2012,foreign_investors,23.393297000000004
Mar 2012,bank_of_israel,17.719702999999996
Apr 2012,public,89.89594
Apr 2012,mutual_funds,34.09704
Apr 2012,providence_funds,82.27764
Apr 2012,pension_funds,64.2408
Apr 2012,banks,57.56964
Apr 2012,insurance_companies,42.45658
Apr 2012,foreign_investors,23.55496
Apr 2012,bank_of_israel,17.7074
May 2012,public,92.42748
May 2012,mutual_funds,35.347266
May 2012,providence_funds,82.810026
May 2012,pension_funds,64.94904
May 2012,banks,59.661522
May 2012,insurance_companies,43.216092
May 2012,foreign_investors,20.816999999999997
May 2012,bank_of_israel,17.069939999999995
Jun 2012,public,92.616488
Jun 2012,mutual_funds,36.05487600000001
Jun 2012,providence_funds,83.665802
Jun 2012,pension_funds,66.01656200000001
Jun 2012,banks,61.226054000000005
Jun 2012,insurance_companies,43.61883600000001
Jun 2012,foreign_investors,20.296626
Jun 2012,bank_of_israel,16.766778000000002
Jul 2012,public,95.249712
Jul 2012,mutual_funds,37.243416
Jul 2012,providence_funds,86.338976
Jul 2012,pension_funds,67.609128
Jul 2012,banks,60.212352
Jul 2012,insurance_companies,46.283919999999995
Jul 2012,foreign_investors,22.622888000000003
Jul 2012,bank_of_israel,16.999608000000002
Aug 2012,public,89.53350999999999
Aug 2012,mutual_funds,38.597939
Aug 2012,providence_funds,86.449102
Aug 2012,pension_funds,67.899815
Aug 2012,banks,60.274473
Aug 2012,insurance_companies,46.737348999999995
Aug 2012,foreign_investors,22.190602
Aug 2012,bank_of_israel,16.750049
Sep 2012,public,92.58516
Sep 2012,mutual_funds,39.53613
Sep 2012,providence_funds,87.35436
Sep 2012,pension_funds,68.43629999999999
Sep 2012,banks,60.5901
Sep 2012,insurance_companies,48.12335999999999
Sep 2012,foreign_investors,22.49244
Sep 2012,bank_of_israel,16.82574
Oct 2012,public,93.089151
Oct 2012,mutual_funds,40.872713999999995
Oct 2012,providence_funds,88.89594600000001
Oct 2012,pension_funds,69.121674
Oct 2012,banks,59.322816
Oct 2012,insurance_companies,48.861873
Oct 2012,foreign_investors,24.27645
Oct 2012,bank_of_israel,16.949376
Nov 2012,public,97.91199
Nov 2012,mutual_funds,42.662295
Nov 2012,providence_funds,89.73018
Nov 2012,pension_funds,70.03989
Nov 2012,banks,56.77816500000001
Nov 2012,insurance_companies,50.034915
Nov 2012,foreign_investors,25.44453
Nov 2012,bank_of_israel,16.99299
Dec 2012,public,99.886604
Dec 2012,mutual_funds,44.245998
Dec 2012,providence_funds,91.019026
Dec 2012,pension_funds,71.2163
Dec 2012,banks,58.856826
Dec 2012,insurance_companies,51.59735800000001
Dec 2012,foreign_investors,25.545975999999996
Dec 2012,bank_of_israel,17.091912
Jan 2013,public,95.356572
Jan 2013,mutual_funds,45.583538
Jan 2013,providence_funds,89.573246
Jan 2013,pension_funds,69.536526
Jan 2013,banks,60.33785
Jan 2013,insurance_companies,51.958858
Jan 2013,foreign_investors,26.093274
Jan 2013,bank_of_israel,16.940136
Feb 2013,public,96.25912999999998
Feb 2013,mutual_funds,46.149114
Feb 2013,providence_funds,90.27172
Feb 2013,pension_funds,68.48675899999999
Feb 2013,banks,62.545406
Feb 2013,insurance_companies,52.919493
Feb 2013,foreign_investors,27.127573
Feb 2013,bank_of_israel,16.764748
Mar 2013,public,95.32016
Mar 2013,mutual_funds,46.881021
Mar 2013,providence_funds,90.920768
Mar 2013,pension_funds,69.152943
Mar 2013,banks,62.278893
Mar 2013,insurance_companies,52.563569
Mar 2013,foreign_investors,25.846427999999996
Mar 2013,bank_of_israel,15.306218
Apr 2013,public,97.31776
Apr 2013,mutual_funds,48.49536
Apr 2013,providence_funds,92.59904
Apr 2013,pension_funds,71.248
Apr 2013,banks,60.455679999999994
Apr 2013,insurance_companies,54.10175999999999
Apr 2013,foreign_investors,27.5648
Apr 2013,bank_of_israel,15.37088
May 2013,public,96.289736
May 2013,mutual_funds,49.632424
May 2013,providence_funds,93.172952
May 2013,pension_funds,70.694328
May 2013,banks,65.64136
May 2013,insurance_companies,54.496496
May 2013,foreign_investors,26.870456000000004
May 2013,bank_of_israel,15.442248
Jun 2013,public,95.57646
Jun 2013,mutual_funds,51.837281999999995
Jun 2013,providence_funds,94.39941
Jun 2013,pension_funds,70.575918
Jun 2013,banks,64.408176
Jun 2013,insurance_companies,53.296823999999994
Jun 2013,foreign_investors,25.330115999999997
Jun 2013,bank_of_israel,15.348731999999998
Jul 2013,public,95.991772
Jul 2013,mutual_funds,53.43526
Jul 2013,providence_funds,95.60838
Jul 2013,pension_funds,71.598456
Jul 2013,banks,67.81246
Jul 2013,insurance_companies,55.1126
Jul 2013,foreign_investors,24.297468
Jul 2013,bank_of_israel,15.431528
Aug 2013,public,92.038626
Aug 2013,mutual_funds,54.706266
Aug 2013,providence_funds,96.011172
Aug 2013,pension_funds,72.893826
Aug 2013,banks,68.92128000000001
Aug 2013,insurance_companies,56.142126
Aug 2013,foreign_investors,22.543002
Aug 2013,bank_of_israel,15.31584
Sep 2013,public,92.97101
Sep 2013,mutual_funds,55.13783
Sep 2013,providence_funds,95.67338
Sep 2013,pension_funds,73.91219
Sep 2013,banks,66.70587
Sep 2013,insurance_companies,57.03423
Sep 2013,foreign_investors,17.16242
Sep 2013,bank_of_israel,15.45566
Oct 2013,public,93.76587
Oct 2013,mutual_funds,56.30724
Oct 2013,providence_funds,96.724386
Oct 2013,pension_funds,75.10813200000001
Oct 2013,banks,65.039634
Oct 2013,insurance_companies,57.357036
Oct 2013,foreign_investors,17.798814
Oct 2013,bank_of_israel,15.078888
Nov 2013,public,94.271181
Nov 2013,mutual_funds,56.785205999999995
Nov 2013,providence_funds,98.140701
Nov 2013,pension_funds,76.568127
Nov 2013,banks,65.201412
Nov 2013,insurance_companies,58.768335
Nov 2013,foreign_investors,18.767172
Nov 2013,bank_of_israel,15.139497
Dec 2013,public,95.409025
Dec 2013,mutual_funds,56.62057
Dec 2013,providence_funds,97.37969
Dec 2013,pension_funds,76.567545
Dec 2013,banks,62.532565
Dec 2013,insurance_companies,59.11995
Dec 2013,foreign_investors,17.928245
Dec 2013,bank_of_israel,15.09241
Jan 2014,public,93.575388
Jan 2014,mutual_funds,57.90247200000001
Jan 2014,providence_funds,97.896468
Jan 2014,pension_funds,76.33908000000001
Jan 2014,banks,61.503372
Jan 2014,insurance_companies,59.870964
Jan 2014,foreign_investors,17.956488
Jan 2014,bank_of_israel,15.075768
Feb 2014,public,96.822531
Feb 2014,mutual_funds,60.167244
Feb 2014,providence_funds,98.623654
Feb 2014,pension_funds,76.961499
Feb 2014,banks,60.65403400000001
Feb 2014,insurance_companies,60.897429
Feb 2014,foreign_investors,17.719156
Feb 2014,bank_of_israel,14.895774
Mar 2014,public,95.87718
Mar 2014,mutual_funds,63.09243000000001
Mar 2014,providence_funds,99.76278
Mar 2014,pension_funds,76.10919
Mar 2014,banks,57.94401
Mar 2014,insurance_companies,61.97532
Mar 2014,foreign_investors,18.01947
Mar 2014,bank_of_israel,12.91962
Apr 2014,public,97.33504
Apr 2014,mutual_funds,65.15168
Apr 2014,providence_funds,100.76924
Apr 2014,pension_funds,75.65052
Apr 2014,banks,57.79268
Apr 2014,insurance_companies,62.404320000000006
Apr 2014,foreign_investors,18.6428
Apr 2014,bank_of_israel,12.85372
May 2014,public,99.17171
May 2014,mutual_funds,67.59217000000001
May 2014,providence_funds,101.81164
May 2014,pension_funds,78.10208
May 2014,banks,57.28150000000001
May 2014,insurance_companies,61.31611000000001
May 2014,foreign_investors,19.924
May 2014,bank_of_israel,12.9506
Jun 2014,public,98.596572
Jun 2014,mutual_funds,67.356084
Jun 2014,providence_funds,99.98946
Jun 2014,pension_funds,79.34486999999999
Jun 2014,banks,58.899263999999995
Jun 2014,insurance_companies,60.640373999999994
Jun 2014,foreign_investors,20.644590000000004
Jun 2014,bank_of_israel,11.988786
Jul 2014,public,99.596175
Jul 2014,mutual_funds,66.94992500000001
Jul 2014,providence_funds,100.500225
Jul 2014,pension_funds,79.506175
Jul 2014,banks,60.069100000000006
Jul 2014,insurance_companies,62.58035000000001
Jul 2014,foreign_investors,21.044275000000003
Jul 2014,bank_of_israel,11.95355
Aug 2014,public,100.28817600000001
Aug 2014,mutual_funds,66.358344
Aug 2014,providence_funds,100.238132
Aug 2014,pension_funds,79.019476
Aug 2014,banks,53.497036
Aug 2014,insurance_companies,63.155528
Aug 2014,foreign_investors,25.722616
Aug 2014,bank_of_israel,12.110648
Sep 2014,public,95.700224
Sep 2014,mutual_funds,67.86649600000001
Sep 2014,providence_funds,98.289408
Sep 2014,pension_funds,77.775104
Sep 2014,banks,56.862464
Sep 2014,insurance_companies,63.036672
Sep 2014,foreign_investors,26.339968
Sep 2014,bank_of_israel,12.099456
Oct 2014,public,95.543968
Oct 2014,mutual_funds,70.02881599999999
Oct 2014,providence_funds,98.75216
Oct 2014,pension_funds,78.650832
Oct 2014,banks,57.697328
Oct 2014,insurance_companies,61.857952
Oct 2014,foreign_investors,26.617968
Oct 2014,bank_of_israel,12.130976
Nov 2014,public,94.84208999999998
Nov 2014,mutual_funds,70.654848
Nov 2014,providence_funds,98.655846
Nov 2014,pension_funds,78.43290300000001
Nov 2014,banks,57.407064
Nov 2014,insurance_companies,62.02371599999999
Nov 2014,foreign_investors,27.750093000000003
Nov 2014,bank_of_israel,12.093621
Dec 2014,public,91.69776
Dec 2014,mutual_funds,67.7313
Dec 2014,providence_funds,99.58734
Dec 2014,pension_funds,76.36518
Dec 2014,banks,58.84932
Dec 2014,insurance_companies,62.57082
Dec 2014,foreign_investors,27.43986
Dec 2014,bank_of_israel,11.95842
Jan 2015,public,92.325844
Jan 2015,mutual_funds,70.419712
Jan 2015,providence_funds,101.52842
Jan 2015,pension_funds,79.622288
Jan 2015,banks,55.96566599999999
Jan 2015,insurance_companies,62.567514
Jan 2015,foreign_investors,25.707196
Jan 2015,bank_of_israel,12.053374000000002
Feb 2015,public,94.36014000000002
Feb 2015,mutual_funds,71.97822000000001
Feb 2015,providence_funds,101.22732
Feb 2015,pension_funds,82.609632
Feb 2015,banks,57.328236
Feb 2015,insurance_companies,63.127188
Feb 2015,foreign_investors,26.45136
Feb 2015,bank_of_israel,11.597903999999998
Mar 2015,public,95.504518
Mar 2015,mutual_funds,74.22445400000001
Mar 2015,providence_funds,101.182612
Mar 2015,pension_funds,80.36293400000001
Mar 2015,banks,58.8271
Mar 2015,insurance_companies,61.998648
Mar 2015,foreign_investors,27.930084
Mar 2015,bank_of_israel,11.560803999999996
Apr 2015,public,91.184716
Apr 2015,mutual_funds,76.004187
Apr 2015,providence_funds,100.983519
Apr 2015,pension_funds,79.81201200000001
Apr 2015,banks,59.605154
Apr 2015,insurance_companies,61.534451999999995
Apr 2015,foreign_investors,28.279447
Apr 2015,bank_of_israel,10.306512999999995
May 2015,public,88.94355100000001
May 2015,mutual_funds,76.826312
May 2015,providence_funds,101.261906
May 2015,pension_funds,73.40734
May 2015,banks,63.95488800000001
May 2015,insurance_companies,61.39065900000001
May 2015,foreign_investors,26.64787
May 2015,bank_of_israel,10.307195
Jun 2015,public,85.03815
Jun 2015,mutual_funds,73.33926000000001
Jun 2015,providence_funds,99.2931
Jun 2015,pension_funds,69.89841
Jun 2015,banks,65.818545
Jun 2015,insurance_companies,61.787835
Jun 2015,foreign_investors,26.15046
Jun 2015,bank_of_israel,10.12593
Jul 2015,public,87.160209
Jul 2015,mutual_funds,72.740868
Jul 2015,providence_funds,100.291224
Jul 2015,pension_funds,70.957032
Jul 2015,banks,66.39834
Jul 2015,insurance_companies,62.830668
Jul 2015,foreign_investors,24.973704
Jul 2015,bank_of_israel,10.157955
Aug 2015,public,88.98588399999998
Aug 2015,mutual_funds,71.048808
Aug 2015,providence_funds,101.376956
Aug 2015,pension_funds,72.597692
Aug 2015,banks,65.352912
Aug 2015,insurance_companies,64.053848
Aug 2015,foreign_investors,26.081207999999997
Aug 2015,bank_of_israel,10.192656
Sep 2015,public,87.694278
Sep 2015,mutual_funds,69.916392
Sep 2015,providence_funds,101.83691
Sep 2015,pension_funds,72.306696
Sep 2015,banks,66.679522
Sep 2015,insurance_companies,62.2475
Sep 2015,foreign_investors,27.13991
Sep 2015,bank_of_israel,10.158792
Oct 2015,public,88.80303800000002
Oct 2015,mutual_funds,69.449822
Oct 2015,providence_funds,102.461167
Oct 2015,pension_funds,74.388924
Oct 2015,banks,68.945832
Oct 2015,insurance_companies,62.545159000000005
Oct 2015,foreign_investors,27.265859
Oct 2015,bank_of_israel,10.130199
Nov 2015,public,87.69555899999999
Nov 2015,mutual_funds,68.576619
Nov 2015,providence_funds,100.374435
Nov 2015,pension_funds,74.31230099999999
Nov 2015,banks,70.94133
Nov 2015,insurance_companies,63.495006
Nov 2015,foreign_investors,27.67215
Nov 2015,bank_of_israel,10.112913
Dec 2015,public,85.866284
Dec 2015,mutual_funds,67.66745800000001
Dec 2015,providence_funds,100.747092
Dec 2015,pension_funds,74.90677000000001
Dec 2015,banks,70.432473
Dec 2015,insurance_companies,65.3549
Dec 2015,foreign_investors,27.650150000000004
Dec 2015,bank_of_israel,10.104873
Jan 2016,public,86.474295
Jan 2016,mutual_funds,63.48491
Jan 2016,providence_funds,100.861525
Jan 2016,pension_funds,76.916345
Jan 2016,banks,73.193775
Jan 2016,insurance_companies,64.79284000000001
Jan 2016,foreign_investors,28.321715
Jan 2016,bank_of_israel,9.004595
Feb 2016,public,86.56914699999999
Feb 2016,mutual_funds,62.519330999999994
Feb 2016,providence_funds,102.772201
Feb 2016,pension_funds,78.824291
Feb 2016,banks,76.83712399999999
Feb 2016,insurance_companies,64.863169
Feb 2016,foreign_investors,28.329868
Feb 2016,bank_of_israel,8.814869
Mar 2016,public,84.20425999999999
Mar 2016,mutual_funds,62.398171999999995
Mar 2016,providence_funds,104.42352
Mar 2016,pension_funds,80.006844
Mar 2016,banks,78.931896
Mar 2016,insurance_companies,65.213512
Mar 2016,foreign_investors,27.795083999999996
Mar 2016,bank_of_israel,8.804336
Apr 2016,public,83.60017699999999
Apr 2016,mutual_funds,62.402115999999985
Apr 2016,providence_funds,105.109212
Apr 2016,pension_funds,81.83799099999999
Apr 2016,banks,81.37152999999999
Apr 2016,insurance_companies,66.444778
Apr 2016,foreign_investors,28.816923999999993
Apr 2016,bank_of_israel,8.759101
May 2016,public,82.31331999999999
May 2016,mutual_funds,61.41644
May 2016,providence_funds,104.892144
May 2016,pension_funds,80.427504
May 2016,banks,77.98104000000001
May 2016,insurance_companies,66.51324000000001
May 2016,foreign_investors,27.369816
May 2016,bank_of_israel,8.766496
Jun 2016,public,83.552048
Jun 2016,mutual_funds,61.061243
Jun 2016,providence_funds,105.060496
Jun 2016,pension_funds,81.69073999999999
Jun 2016,banks,80.863492
Jun 2016,insurance_companies,67.886039
Jun 2016,foreign_investors,28.126432
Jun 2016,bank_of_israel,8.78951
Jul 2016,public,81.51302500000001
Jul 2016,mutual_funds,61.56447
Jul 2016,providence_funds,107.71178
Jul 2016,pension_funds,82.242215
Jul 2016,banks,81.77345
Jul 2016,insurance_companies,68.179265
Jul 2016,foreign_investors,29.063430000000004
Jul 2016,bank_of_israel,8.75028
Aug 2016,public,80.989713
Aug 2016,mutual_funds,58.924719
Aug 2016,providence_funds,106.816941
Aug 2016,pension_funds,80.888031
Aug 2016,banks,75.905613
Aug 2016,insurance_companies,67.923576
Aug 2016,foreign_investors,28.267596
Aug 2016,bank_of_israel,8.744652
Sep 2016,public,79.634016
Sep 2016,mutual_funds,58.557410999999995
Sep 2016,providence_funds,106.805061
Sep 2016,pension_funds,80.345034
Sep 2016,banks,77.348601
Sep 2016,insurance_companies,66.937266
Sep 2016,foreign_investors,29.558034000000003
Sep 2016,bank_of_israel,8.735363999999999
Oct 2016,public,78.69296100000001
Oct 2016,mutual_funds,57.55455900000001
Oct 2016,providence_funds,102.73664100000002
Oct 2016,pension_funds,79.54450800000001
Oct 2016,banks,77.09004900000001
Oct 2016,insurance_companies,66.62103
Oct 2016,foreign_investors,29.954418000000004
Oct 2016,bank_of_israel,8.715834
Nov 2016,public,73.348184
Nov 2016,mutual_funds,56.889326
Nov 2016,providence_funds,101.81756
Nov 2016,pension_funds,78.982748
Nov 2016,banks,80.36667600000001
Nov 2016,insurance_companies,68.010176
Nov 2016,foreign_investors,26.19578
Nov 2016,bank_of_israel,8.64955
Dec 2016,public,75.747973
Dec 2016,mutual_funds,56.698778999999995
Dec 2016,providence_funds,103.424158
Dec 2016,pension_funds,80.385604
Dec 2016,banks,79.7872
Dec 2016,insurance_companies,68.168189
Dec 2016,foreign_investors,25.781239
Dec 2016,bank_of_israel,8.676858
Jan 2017,public,74.871696
Jan 2017,mutual_funds,55.082040000000006
Jan 2017,providence_funds,102.68688000000002
Jan 2017,pension_funds,80.00604
Jan 2017,banks,82.99691999999999
Jan 2017,insurance_companies,68.09236800000001
Jan 2017,foreign_investors,26.070504
Jan 2017,bank_of_israel,8.673552
Feb 2017,public,72.572371
Feb 2017,mutual_funds,52.296947
Feb 2017,providence_funds,103.229202
Feb 2017,pension_funds,79.542048
Feb 2017,banks,78.71348499999999
Feb 2017,insurance_companies,69.014424
Feb 2017,foreign_investors,25.587975
Feb 2017,bank_of_israel,6.433548000000001
Mar 2017,public,72.928212
Mar 2017,mutual_funds,51.944151000000005
Mar 2017,providence_funds,104.871162
Mar 2017,pension_funds,80.397948
Mar 2017,banks,78.972801
Mar 2017,insurance_companies,70.76592000000001
Mar 2017,foreign_investors,25.06293
Mar 2017,bank_of_israel,6.437733000000001
Apr 2017,public,72.224976
Apr 2017,mutual_funds,51.567936
Apr 2017,providence_funds,106.421088
Apr 2017,pension_funds,81.48331200000001
Apr 2017,banks,83.026368
Apr 2017,insurance_companies,71.62766400000001
Apr 2017,foreign_investors,25.087104
Apr 2017,bank_of_israel,6.421104000000001
May 2017,public,68.01228
May 2017,mutual_funds,50.934744
May 2017,providence_funds,108.770004
May 2017,pension_funds,81.217584
May 2017,banks,82.111176
May 2017,insurance_companies,72.13273199999999
May 2017,foreign_investors,26.857404
May 2017,bank_of_israel,6.404076
Jun 2017,public,71.403524
Jun 2017,mutual_funds,50.974044000000006
Jun 2017,providence_funds,109.322632
Jun 2017,pension_funds,78.22995999999999
Jun 2017,banks,81.618264
Jun 2017,insurance_companies,72.79870799999999
Jun 2017,foreign_investors,27.554884
Jun 2017,bank_of_israel,6.427812
Jul 2017,public,71.50182000000001
Jul 2017,mutual_funds,51.721500000000006
Jul 2017,providence_funds,110.7597
Jul 2017,pension_funds,82.19933999999999
Jul 2017,banks,78.11208
Jul 2017,insurance_companies,75.43769999999999
Jul 2017,foreign_investors,28.45944
Jul 2017,bank_of_israel,6.35796
Aug 2017,public,69.06965600000001
Aug 2017,mutual_funds,50.209858
Aug 2017,providence_funds,111.616166
Aug 2017,pension_funds,83.003016
Aug 2017,banks,72.353948
Aug 2017,insurance_companies,76.88229
Aug 2017,foreign_investors,28.115530000000003
Aug 2017,bank_of_israel,6.369536
Sep 2017,public,71.11869399999999
Sep 2017,mutual_funds,50.97756
Sep 2017,providence_funds,112.250588
Sep 2017,pension_funds,83.46325999999999
Sep 2017,banks,71.31860599999999
Sep 2017,insurance_companies,75.76664799999999
Sep 2017,foreign_investors,28.48746
Sep 2017,bank_of_israel,6.397183999999999
Oct 2017,public,68.753
Oct 2017,mutual_funds,50.67825
Oct 2017,providence_funds,113.5705
Oct 2017,pension_funds,83.6265
Oct 2017,banks,65.8965
Oct 2017,insurance_companies,75.9435
Oct 2017,foreign_investors,27.72775
Oct 2017,bank_of_israel,6.35325
Nov 2017,public,67.983464
Nov 2017,mutual_funds,51.184082
Nov 2017,providence_funds,114.255446
Nov 2017,pension_funds,83.112732
Nov 2017,banks,64.495873
Nov 2017,insurance_companies,76.677881
Nov 2017,foreign_investors,27.114792
Nov 2017,bank_of_israel,6.38573
Dec 2017,public,66.89976
Dec 2017,mutual_funds,51.798123
Dec 2017,providence_funds,115.451277
Dec 2017,pension_funds,84.11661000000002
Dec 2017,banks,61.783896000000006
Dec 2017,insurance_companies,78.164499
Dec 2017,foreign_investors,27.301005
Dec 2017,bank_of_israel,6.394830000000001
Jan 2018,public,64.614284
Jan 2018,mutual_funds,51.808288000000005
Jan 2018,providence_funds,115.6435
Jan 2018,pension_funds,84.91884800000001
Jan 2018,banks,60.670232000000006
Jan 2018,insurance_companies,78.686272
Jan 2018,foreign_investors,24.199924
Jan 2018,bank_of_israel,6.378652000000001
Feb 2018,public,67.69023299999999
Feb 2018,mutual_funds,51.14481299999999
Feb 2018,providence_funds,115.33131
Feb 2018,pension_funds,83.651697
Feb 2018,banks,59.612175
Feb 2018,insurance_companies,79.272027
Feb 2018,foreign_investors,23.650218
Feb 2018,bank_of_israel,6.228864
Mar 2018,public,68.57478300000001
Mar 2018,mutual_funds,51.32079900000001
Mar 2018,providence_funds,115.337001
Mar 2018,pension_funds,84.06415499999999
Mar 2018,banks,60.241893
Mar 2018,insurance_companies,79.799676
Mar 2018,foreign_investors,24.557516999999997
Mar 2018,bank_of_israel,6.274176
Apr 2018,public,67.407135
Apr 2018,mutual_funds,51.264015
Apr 2018,providence_funds,113.914695
Apr 2018,pension_funds,82.01281499999999
Apr 2018,banks,60.24843
Apr 2018,insurance_companies,77.40049499999999
Apr 2018,foreign_investors,23.686184999999995
Apr 2018,bank_of_israel,4.468185
May 2018,public,66.35868
May 2018,mutual_funds,51.259676
May 2018,providence_funds,114.059992
May 2018,pension_funds,81.361512
May 2018,banks,62.31945600000001
May 2018,insurance_companies,78.428266
May 2018,foreign_investors,22.648506
May 2018,bank_of_israel,4.471998
Jun 2018,public,67.92714900000001
Jun 2018,mutual_funds,50.95738
Jun 2018,providence_funds,113.45228000000002
Jun 2018,pension_funds,81.19529700000001
Jun 2018,banks,62.110316000000005
Jun 2018,insurance_companies,77.39753
Jun 2018,foreign_investors,23.219259
Jun 2018,bank_of_israel,4.470789
Jul 2018,public,66.053706
Jul 2018,mutual_funds,51.030486
Jul 2018,providence_funds,114.418782
Jul 2018,pension_funds,82.046166
Jul 2018,banks,62.467518
Jul 2018,insurance_companies,78.847674
Jul 2018,foreign_investors,25.345626000000003
Jul 2018,bank_of_israel,4.410042000000001
Aug 2018,public,68.310216
Aug 2018,mutual_funds,51.038046
Aug 2018,providence_funds,114.58017
Aug 2018,pension_funds,81.49545
Aug 2018,banks,60.57423
Aug 2018,insurance_companies,79.30602
Aug 2018,foreign_investors,26.808354
Aug 2018,bank_of_israel,4.427514
Sep 2018,public,68.973506
Sep 2018,mutual_funds,51.169171000000006
Sep 2018,providence_funds,115.264777
Sep 2018,pension_funds,81.50970900000002
Sep 2018,banks,58.632358
Sep 2018,insurance_companies,80.29023400000001
Sep 2018,foreign_investors,27.511356
Sep 2018,bank_of_israel,4.39011
Oct 2018,public,65.013609
Oct 2018,mutual_funds,52.402593
Oct 2018,providence_funds,112.400457
Oct 2018,pension_funds,79.72646100000001
Oct 2018,banks,57.083955
Oct 2018,insurance_companies,79.24877099999999
Oct 2018,foreign_investors,27.467175
Oct 2018,bank_of_israel,4.346979
Nov 2018,public,64.473706
Nov 2018,mutual_funds,53.087515
Nov 2018,providence_funds,113.285394
Nov 2018,pension_funds,78.88660600000001
Nov 2018,banks,53.85620300000001
Nov 2018,insurance_companies,80.61615400000001
Nov 2018,foreign_investors,31.900552
Nov 2018,bank_of_israel,4.371913
Dec 2018,public,66.048255
Dec 2018,mutual_funds,52.403121
Dec 2018,providence_funds,112.306227
Dec 2018,pension_funds,79.40306700000001
Dec 2018,banks,57.145047000000005
Dec 2018,insurance_companies,79.645002
Dec 2018,foreign_investors,32.516064
Dec 2018,bank_of_israel,4.35483
Jan 2019,public,66.219301
Jan 2019,mutual_funds,52.709183
Jan 2019,providence_funds,114.540161
Jan 2019,pension_funds,80.666252
Jan 2019,banks,60.253154
Jan 2019,insurance_companies,79.137735
Jan 2019,foreign_investors,35.155891
Jan 2019,bank_of_israel,4.388323
Feb 2019,public,67.53634199999999
Feb 2019,mutual_funds,52.871588
Feb 2019,providence_funds,116.778526
Feb 2019,pension_funds,80.729716
Feb 2019,banks,58.60997
Feb 2019,insurance_companies,80.141164
Feb 2019,foreign_investors,31.830854
Feb 2019,bank_of_israel,2.0108859999999997
Mar 2019,public,68.90106
Mar 2019,mutual_funds,53.25758
Mar 2019,providence_funds,117.62502
Mar 2019,pension_funds,82.25282000000001
Mar 2019,banks,62.22518
Mar 2019,insurance_companies,80.16037999999999
Mar 2019,foreign_investors,31.73534
Mar 2019,bank_of_israel,1.9928
Apr 2019,public,69.622072
Apr 2019,mutual_funds,53.909108
Apr 2019,providence_funds,120.651312
Apr 2019,pension_funds,83.263552
Apr 2019,banks,63.559192
Apr 2019,insurance_companies,80.131064
Apr 2019,foreign_investors,32.08274
Apr 2019,bank_of_israel,2.02096
May 2019,public,67.47096
May 2019,mutual_funds,54.472878
May 2019,providence_funds,120.753174
May 2019,pension_funds,83.396091
May 2019,banks,63.00597
May 2019,insurance_companies,80.270598
May 2019,foreign_investors,24.706278
May 2019,bank_of_israel,2.034051
Jun 2019,public,73.926944
Jun 2019,mutual_funds,55.039016
Jun 2019,providence_funds,121.34986
Jun 2019,pension_funds,86.06192999999999
Jun 2019,banks,62.096602
Jun 2019,insurance_companies,81.949236
Jun 2019,foreign_investors,25.285452000000006
Jun 2019,bank_of_israel,2.03096
Jul 2019,public,75.469632
Jul 2019,mutual_funds,56.210784
Jul 2019,providence_funds,125.10422399999996
Jul 2019,pension_funds,89.50927999999998
Jul 2019,banks,62.160672
Jul 2019,insurance_companies,85.386112
Jul 2019,foreign_investors,26.096
Jul 2019,bank_of_israel,2.035488
Aug 2019,public,74.404114
Aug 2019,mutual_funds,56.99376300000001
Aug 2019,providence_funds,125.841382
Aug 2019,pension_funds,90.59732800000002
Aug 2019,banks,63.873233000000006
Aug 2019,insurance_companies,86.15213200000002
Aug 2019,foreign_investors,29.26420700000001
Aug 2019,bank_of_israel,2.0109220000000003
Sep 2019,public,77.56950599999999
Sep 2019,mutual_funds,56.85920099999999
Sep 2019,providence_funds,127.435617
Sep 2019,pension_funds,92.093616
Sep 2019,banks,65.412288
Sep 2019,insurance_companies,87.68259
Sep 2019,foreign_investors,28.833048
Sep 2019,bank_of_israel,2.044134
Oct 2019,public,75.227465
Oct 2019,mutual_funds,57.100365
Oct 2019,providence_funds,126.78307
Oct 2019,pension_funds,92.39489499999998
Oct 2019,banks,64.56446499999998
Oct 2019,insurance_companies,86.21035499999999
Oct 2019,foreign_investors,28.843415
Oct 2019,bank_of_israel,1.972655
Nov 2019,public,73.594745
Nov 2019,mutual_funds,56.750316000000005
Nov 2019,providence_funds,126.784882
Nov 2019,pension_funds,92.511517
Nov 2019,banks,63.604989
Nov 2019,insurance_companies,86.34762500000001
Nov 2019,foreign_investors,29.809857
Nov 2019,bank_of_israel,1.966069
Dec 2019,public,71.604288
Dec 2019,mutual_funds,55.461357
Dec 2019,providence_funds,126.373044
Dec 2019,pension_funds,94.619952
Dec 2019,banks,64.94466299999999
Dec 2019,insurance_companies,88.386543
Dec 2019,foreign_investors,29.408903999999996
Dec 2019,bank_of_israel,1.971249
Jan 2020,public,64.5848
Jan 2020,mutual_funds,55.86
Jan 2020,providence_funds,126.882
Jan 2020,pension_funds,98.47320000000002
Jan 2020,banks,64.2656
Jan 2020,insurance_companies,90.174
Jan 2020,foreign_investors,29.792
Jan 2020,bank_of_israel,1.9684
Feb 2020,public,67.351552
Feb 2020,mutual_funds,54.272000000000006
Feb 2020,providence_funds,128.67891200000005
Feb 2020,pension_funds,103.062528
Feb 2020,banks,65.831936
Feb 2020,insurance_companies,92.099584
Feb 2020,foreign_investors,29.415424
Feb 2020,bank_of_israel,2.008064
Mar 2020,public,66.49973999999999
Mar 2020,mutual_funds,41.261256
Mar 2020,providence_funds,114.93459
Mar 2020,pension_funds,84.04101
Mar 2020,banks,102.262986
Mar 2020,insurance_companies,76.657968
Mar 2020,foreign_investors,27.594773999999997
Mar 2020,bank_of_israel,10.4724
Apr 2020,public,66.727316
Apr 2020,mutual_funds,43.096978
Apr 2020,providence_funds,115.556138
Apr 2020,pension_funds,87.54580600000001
Apr 2020,banks,104.525042
Apr 2020,insurance_companies,78.839892
Apr 2020,foreign_investors,28.821442
Apr 2020,bank_of_israel,15.627386
May 2020,public,65.40504000000001
May 2020,mutual_funds,44.77392
May 2020,providence_funds,116.65362
May 2020,pension_funds,90.15141
May 2020,banks,95.14458
May 2020,insurance_companies,79.67124000000001
May 2020,foreign_investors,35.061930000000004
May 2020,bank_of_israel,21.783390000000004
Jun 2020,public,66.55689600000001
Jun 2020,mutual_funds,45.55978000000001
Jun 2020,providence_funds,120.606076
Jun 2020,pension_funds,92.53446000000002
Jun 2020,banks,94.45872400000002
Jun 2020,insurance_companies,80.592704
Jun 2020,foreign_investors,39.390816
Jun 2020,bank_of_israel,26.203948
Jul 2020,public,65.39416
Jul 2020,mutual_funds,45.228559999999995
Jul 2020,providence_funds,122.779696
Jul 2020,pension_funds,94.663088
Jul 2020,banks,94.259776
Jul 2020,insurance_companies,83.71604799999999
Jul 2020,foreign_investors,41.944448
Jul 2020,bank_of_israel,28.174223999999995
Aug 2020,public,63.62701
Aug 2020,mutual_funds,46.044315
Aug 2020,providence_funds,125.84269999999998
Aug 2020,pension_funds,96.263785
Aug 2020,banks,95.85215
Aug 2020,insurance_companies,84.56159
Aug 2020,foreign_investors,41.51633
Aug 2020,bank_of_israel,34.342119999999994
Sep 2020,public,64.672222
Sep 2020,mutual_funds,45.067334
Sep 2020,providence_funds,127.19268800000002
Sep 2020,pension_funds,94.737035
Sep 2020,banks,98.502608
Sep 2020,insurance_companies,84.27711000000001
Sep 2020,foreign_investors,45.904128
Sep 2020,bank_of_israel,37.416646
Oct 2020,public,63.33165
Oct 2020,mutual_funds,45.44271
Oct 2020,providence_funds,126.48321
Oct 2020,pension_funds,92.56626
Oct 2020,banks,101.21058
Oct 2020,insurance_companies,83.74185
Oct 2020,foreign_investors,47.78388
Oct 2020,bank_of_israel,39.73986
Nov 2020,public,66.826773
Nov 2020,mutual_funds,45.730113
Nov 2020,providence_funds,130.489047
Nov 2020,pension_funds,95.183166
Nov 2020,banks,106.041741
Nov 2020,insurance_companies,84.75893400000001
Nov 2020,foreign_investors,47.033142
Nov 2020,bank_of_israel,44.42708400000001
Dec 2020,public,64.73341799999999
Dec 2020,mutual_funds,46.184076
Dec 2020,providence_funds,132.558393
Dec 2020,pension_funds,96.216825
Dec 2020,banks,109.087797
Dec 2020,insurance_companies,85.74338699999998
Dec 2020,foreign_investors,46.941192
Dec 2020,bank_of_israel,49.464912
Jan 2021,public,61.61898599999999
Jan 2021,mutual_funds,46.886796
Jan 2021,providence_funds,131.500809
Jan 2021,pension_funds,96.463818
Jan 2021,banks,104.726655
Jan 2021,insurance_companies,86.343444
Jan 2021,foreign_investors,59.697396
Jan 2021,bank_of_israel,53.356148999999995
Feb 2021,public,57.70094099999999
Feb 2021,mutual_funds,48.15883199999999
Feb 2021,providence_funds,130.00323
Feb 2021,pension_funds,94.01218799999998
Feb 2021,banks,106.82038799999998
Feb 2021,insurance_companies,83.317341
Feb 2021,foreign_investors,64.80949199999999
Feb 2021,bank_of_israel,55.523547
Mar 2021,public,56.842159
Mar 2021,mutual_funds,49.123661
Mar 2021,providence_funds,129.840835
Mar 2021,pension_funds,94.584306
Mar 2021,banks,106.162053
Mar 2021,insurance_companies,83.660669
Mar 2021,foreign_investors,74.56854
Mar 2021,bank_of_israel,59.262366
Apr 2021,public,54.955524999999994
Apr 2021,mutual_funds,50.348475
Apr 2021,providence_funds,129.326475
Apr 2021,pension_funds,95.82664
Apr 2021,banks,106.422855
Apr 2021,insurance_companies,84.70390499999999
Apr 2021,foreign_investors,74.17350499999999
Apr 2021,bank_of_israel,62.458435
May 2021,public,55.82239
May 2021,mutual_funds,50.735616
May 2021,providence_funds,127.103288
May 2021,pension_funds,95.591714
May 2021,banks,110.455664
May 2021,insurance_companies,84.36117399999999
May 2021,foreign_investors,71.479084
May 2021,bank_of_israel,65.07107
Jun 2021,public,55.08839699999999
Jun 2021,mutual_funds,51.79251
Jun 2021,providence_funds,130.62474600000002
Jun 2021,pension_funds,96.925983
Jun 2021,banks,111.185739
Jun 2021,insurance_companies,85.962114
Jun 2021,foreign_investors,72.17319900000001
Jun 2021,bank_of_israel,68.877312
Jul 2021,public,51.761827999999994
Jul 2021,mutual_funds,52.767563
Jul 2021,providence_funds,133.896853
Jul 2021,pension_funds,96.148266
Jul 2021,banks,103.054313
Jul 2021,insurance_companies,86.560259
Jul 2021,foreign_investors,75.02783099999999
Jul 2021,bank_of_israel,71.273087
Aug 2021,public,53.07287399999999
Aug 2021,mutual_funds,55.09085399999999
Aug 2021,providence_funds,132.78308399999997
Aug 2021,pension_funds,96.930306
Aug 2021,banks,97.266636
Aug 2021,insurance_companies,87.78213
Aug 2021,foreign_investors,74.597994
Aug 2021,bank_of_israel,75.136122
Sep 2021,public,50.12308000000001
Sep 2021,mutual_funds,55.61052000000001
Sep 2021,providence_funds,134.50920000000002
Sep 2021,pension_funds,96.76632
Sep 2021,banks,95.56176
Sep 2021,insurance_companies,86.79524
Sep 2021,foreign_investors,74.01352000000001
Sep 2021,bank_of_israel,75.82036000000001
Oct 2021,public,47.41378199999999
Oct 2021,mutual_funds,56.666899
Oct 2021,providence_funds,136.230197
Oct 2021,pension_funds,100.568549
Oct 2021,banks,91.720678
Oct 2021,insurance_companies,87.938382
Oct 2021,foreign_investors,75.51083799999999
Oct 2021,bank_of_israel,79.36067499999999
Nov 2021,public,45.808005
Nov 2021,mutual_funds,55.03647900000001
Nov 2021,providence_funds,135.15033300000002
Nov 2021,pension_funds,104.255007
Nov 2021,banks,89.208582
Nov 2021,insurance_companies,87.536757
Nov 2021,foreign_investors,66.404889
Nov 2021,bank_of_israel,85.26307500000001
Dec 2021,public,44.37657600000001
Dec 2021,mutual_funds,54.939264
Dec 2021,providence_funds,134.989824
Dec 2021,pension_funds,102.571008
Dec 2021,banks,87.62380800000001
Dec 2021,insurance_companies,85.497984
Dec 2021,foreign_investors,69.15571200000001
Dec 2021,bank_of_israel,85.23225600000002
Jan 2022,public,43.735222
Jan 2022,mutual_funds,52.379812
Jan 2022,providence_funds,131.14163200000002
Jan 2022,pension_funds,99.508836
Jan 2022,banks,83.56437000000001
Jan 2022,insurance_companies,85.48539000000001
Jan 2022,foreign_investors,62.17701400000001
Jan 2022,bank_of_israel,82.347724
Feb 2022,public,43.722113
Feb 2022,mutual_funds,51.625967
Feb 2022,providence_funds,130.727236
Feb 2022,pension_funds,94.595332
Feb 2022,banks,84.99779500000001
Feb 2022,insurance_companies,83.05319599999999
Feb 2022,foreign_investors,58.96526
Feb 2022,bank_of_israel,79.66582999999999
Mar 2022,public,42.47483999999999
Mar 2022,mutual_funds,51.969216
Mar 2022,providence_funds,127.799298
Mar 2022,pension_funds,95.256075
Mar 2022,banks,89.94672
Mar 2022,insurance_companies,80.764659
Mar 2022,foreign_investors,57.903201
Mar 2022,bank_of_israel,78.453528
Apr 2022,public,40.602282
Apr 2022,mutual_funds,51.65305600000001
Apr 2022,providence_funds,126.89765200000002
Apr 2022,pension_funds,94.862824
Apr 2022,banks,91.137844
Apr 2022,insurance_companies,79.404157
Apr 2022,foreign_investors,58.482186
Apr 2022,bank_of_israel,77.789999
May 2022,public,37.95687
May 2022,mutual_funds,48.018453
May 2022,providence_funds,121.10049
May 2022,pension_funds,89.77101
May 2022,banks,94.108938
May 2022,insurance_companies,75.190752
May 2022,foreign_investors,61.333482
May 2022,bank_of_israel,75.130503
Jun 2022,public,32.888310000000004
Jun 2022,mutual_funds,47.404945
Jun 2022,providence_funds,118.000365
Jun 2022,pension_funds,91.07532
Jun 2022,banks,97.520465
Jun 2022,insurance_companies,74.45046
Jun 2022,foreign_investors,65.89708999999999
Jun 2022,bank_of_israel,75.17328
Jul 2022,public,31.842688000000003
Jul 2022,mutual_funds,46.93232000000001
Jul 2022,providence_funds,114.538624
Jul 2022,pension_funds,93.151744
Jul 2022,banks,97.72616
Jul 2022,insurance_companies,73.844144
Jul 2022,foreign_investors,59.645632
Jul 2022,bank_of_israel,76.45809600000001
Aug 2022,public,28.615971
Aug 2022,mutual_funds,45.16777499999999
Aug 2022,providence_funds,112.715454
Aug 2022,pension_funds,90.277269
Aug 2022,banks,100.301601
Aug 2022,insurance_companies,72.32672099999999
Aug 2022,foreign_investors,59.27177699999999
Aug 2022,bank_of_israel,74.133432
Sep 2022,public,22.3224
Sep 2022,mutual_funds,42.635783999999994
Sep 2022,providence_funds,104.301414
Sep 2022,pension_funds,87.727032
Sep 2022,banks,95.20503599999998
Sep 2022,insurance_companies,68.92040999999999
Sep 2022,foreign_investors,64.958184
Sep 2022,bank_of_israel,71.933934
Oct 2022,public,21.801645000000004
Oct 2022,mutual_funds,41.46256
Oct 2022,providence_funds,101.85367999999998
Oct 2022,pension_funds,89.51631500000002
Oct 2022,banks,96.276515
Oct 2022,insurance_companies,68.50336
Oct 2022,foreign_investors,71.489115
Oct 2022,bank_of_israel,72.44681
Nov 2022,public,24.666354
Nov 2022,mutual_funds,38.737764
Nov 2022,providence_funds,97.065138
Nov 2022,pension_funds,89.450022
Nov 2022,banks,99.3276
Nov 2022,insurance_companies,67.818678
Nov 2022,foreign_investors,62.300478000000005
Nov 2022,bank_of_israel,72.45396600000001
Dec 2022,public,29.765504
Dec 2022,mutual_funds,37.261596
Dec 2022,providence_funds,94.713396
Dec 2022,pension_funds,87.436168
Dec 2022,banks,98.269936
Dec 2022,insurance_companies,65.713916
Dec 2022,foreign_investors,62.813968
Dec 2022,bank_of_israel,71.18551599999999
Jan 2023,public,26.658855999999997
Jan 2023,mutual_funds,35.95585199999999
Jan 2023,providence_funds,93.02596599999998
Jan 2023,pension_funds,91.00974999999998
Jan 2023,banks,104.00314199999998
Jan 2023,insurance_companies,66.759152
Jan 2023,foreign_investors,70.175518
Jan 2023,bank_of_israel,72.471764
Feb 2023,public,26.36256
Feb 2023,mutual_funds,33.77703
Feb 2023,providence_funds,88.479342
Feb 2023,pension_funds,87.820278
Feb 2023,banks,106.493758
Feb 2023,insurance_companies,64.64319400000001
Feb 2023,foreign_investors,72.387196
Feb 2023,bank_of_israel,69.256642
Mar 2023,public,21.22419
Mar 2023,mutual_funds,31.727443000000005
Mar 2023,providence_funds,84.02602399999999
Mar 2023,pension_funds,88.59738800000001
Mar 2023,banks,112.923575
Mar 2023,insurance_companies,63.67256999999999
Mar 2023,foreign_investors,72.37993000000002
Mar 2023,bank_of_israel,69.65888000000001
Apr 2023,public,21.487605
Apr 2023,mutual_funds,30.354642
Apr 2023,providence_funds,83.720061
Apr 2023,pension_funds,88.61597099999999
Apr 2023,banks,113.31311699999998
Apr 2023,insurance_companies,63.42923400000001
Apr 2023,foreign_investors,74.200236
Apr 2023,bank_of_israel,68.814735
May 2023,public,16.763718
May 2023,mutual_funds,29.752824000000004
May 2023,providence_funds,83.207991
May 2023,pension_funds,90.86823300000002
May 2023,banks,118.123152
May 2023,insurance_companies,64.779003
May 2023,foreign_investors,82.15332000000001
May 2023,bank_of_israel,69.441759
Jun 2023,public,12.356199000000002
Jun 2023,mutual_funds,28.549026
Jun 2023,providence_funds,83.446659
Jun 2023,pension_funds,92.417598
Jun 2023,banks,122.828517
Jun 2023,insurance_companies,64.037835
Jun 2023,foreign_investors,90.612126
Jun 2023,bank_of_israel,69.905619
Jul 2023,public,11.764092
Jul 2023,mutual_funds,26.413716
Jul 2023,providence_funds,85.067703
Jul 2023,pension_funds,93.22488
Jul 2023,banks,124.133367
Jul 2023,insurance_companies,64.979961
Jul 2023,foreign_investors,79.62958499999999
Jul 2023,bank_of_israel,69.696696
Aug 2023,public,10.234264
Aug 2023,mutual_funds,26.364354
Aug 2023,providence_funds,85.155751
Aug 2023,pension_funds,92.497723
Aug 2023,banks,124.03483
Aug 2023,insurance_companies,63.96415000000001
Aug 2023,foreign_investors,84.48829900000001
Aug 2023,bank_of_israel,69.470629
Sep 2023,public,5.235552
Sep 2023,mutual_funds,25.414242
Sep 2023,providence_funds,85.18679399999999
Sep 2023,pension_funds,91.676697
Sep 2023,banks,120.63584400000002
Sep 2023,insurance_companies,61.681347
Sep 2023,foreign_investors,87.69549599999999
Sep 2023,bank_of_israel,67.789491
Oct 2023,public,-0.053711
Oct 2023,mutual_funds,24.438505
Oct 2023,providence_funds,83.950293
Oct 2023,pension_funds,86.63584300000001
Oct 2023,banks,126.59682700000002
Oct 2023,insurance_companies,59.028389
Oct 2023,foreign_investors,92.168076
Oct 2023,bank_of_israel,64.399489
Nov 2023,public,1.611269
Nov 2023,mutual_funds,24.780206
Nov 2023,providence_funds,86.619599
Nov 2023,pension_funds,94.731505
Nov 2023,banks,133.679766
Nov 2023,insurance_companies,64.11739399999999
Nov 2023,foreign_investors,83.3415
Nov 2023,bank_of_israel,66.728761
Dec 2023,public,4.48968
Dec 2023,mutual_funds,25.21128
Dec 2023,providence_funds,92.03844
Dec 2023,pension_funds,99.92416
Dec 2023,banks,139.2952
Dec 2023,insurance_companies,66.88472
Dec 2023,foreign_investors,79.83572
Dec 2023,bank_of_israel,67.92080000000001
